=== setup — complete serial log, terminal escapes removed ===
:: running early hook [udev]
Starting systemd-udevd version 261.2-1-arch
:: running early hook [archiso_pxe_nbd]
:: running hook [udev]
:: Triggering uevents...
:: running hook [memdisk]
:: running hook [findroot]
:: running hook [archiso]
:: running hook [archiso_loop_mnt]
:: running hook [archiso_pxe_common]
:: running hook [archiso_pxe_nbd]
:: running hook [archiso_pxe_http]
:: running hook [archiso_pxe_nfs]
:: running hook [encrypt]
:: Mounting '/dev/disk/by-label/RESCUE1302' to '/run/archiso/bootmnt'
:: Device '/dev/disk/by-label/RESCUE1302' mounted successfully.
:: Creating config dir ...
:: Execute the configuration processing script ...
:: Define early boot options based on the configuration ...
Entry '.global.copytoram' disabled in config: value='false'
Entry '.global.checksum' disabled in config: value='false'
Entry '.global.loadsrm' enabled in config: value='true'
:: Mounting /run/archiso/cowspace (tmpfs) filesystem, size=25%...
:: Mounting '/dev/loop0' to '/run/archiso/sfs/airootfs'
:: Device '/dev/loop0' mounted successfully.
:: Mounting '/dev/loop1' to '/run/archiso/sfs/srm1'
:: Device '/dev/loop1' mounted successfully.
:: running late hook [archiso_pxe_common]
:: running cleanup hook [udev]
78
Welcome to SystemRescue 13.02!
[  OK  ] Created slice Slice /system/dirmngr.
[  OK  ] Created slice Slice /system/getty.
[  OK  ] Created slice Slice /system/gpg-agent.
[  OK  ] Created slice Slice /system/gpg-agent-browser.
[  OK  ] Created slice Slice /system/gpg-agent-extra.
[  OK  ] Created slice Slice /system/gpg-agent-ssh.
[  OK  ] Created slice Slice /system/keyboxd.
[  OK  ] Created slice Slice /system/modprobe.
[  OK  ] Created slice Slice /system/serial-getty.
[  OK  ] Created slice User and Session Slice.
[  OK  ] Started Dispatch Password Requests to Console Directory Watch.
[  OK  ] Started Forward Password Requests to Wall Directory Watch.
[  OK  ] Set up automount Arbitrary Executa…ormats File System Automount Point.
Expecting device /dev/ttyS0...
[  OK  ] Reached target Image Downloads.
[  OK  ] Reached target Local Integrity Protected Volumes.
[  OK  ] Reached target Path Units.
[  OK  ] Reached target Remote File Systems.
[  OK  ] Reached target Slice Units.
[  OK  ] Reached target Swaps.
[  OK  ] Reached target Local Verity Protected Volumes.
[  OK  ] Listening on Device-mapper event daemon FIFOs.
[  OK  ] Listening on LVM2 poll daemon socket.
[  OK  ] Listening on Query the User Interactively for a Password.
[  OK  ] Listening on Process Core Dump Socket.
[  OK  ] Listening on Credential Encryption/Decryption.
[  OK  ] Listening on Factory Reset Management.
[  OK  ] Listening on Hostname Service Socket.
[  OK  ] Listening on Journal Socket (/dev/log).
[  OK  ] Listening on Journal Sockets.
[  OK  ] Listening on Console Output Muting Service Socket.
[  OK  ] Listening on Disk Repartitioning Service Socket.
[  OK  ] Listening on Simple Block Device Backed Storage Provider.
[  OK  ] Listening on Simple File System Backed Storage Provider.
[  OK  ] Listening on udev Control Socket.
[  OK  ] Listening on udev Kernel Socket.
[  OK  ] Listening on udev Varlink Socket.
[  OK  ] Listening on User Database Manager Socket.
Mounting Huge Pages File System...
Mounting POSIX Message Queue File System...
Mounting Kernel Debug File System...
Mounting Kernel Trace File System...
Mounting Temporary Directory /tmp...
Starting Create List of Static Device Nodes...
Starting Monitoring of LVM2 mirror…ing dmeventd or progress polling...
Mounting Kernel Configuration File System...
Mounting FUSE Control File System...
Starting Journal Service...
Starting Load Kernel Modules...
Starting Remount Root and Kernel File Systems...
[  OK  ] Reached target Local Encrypted Volumes.
Starting Load udev Rules from Credentials...
Starting Coldplug All udev Devices...
[  OK  ] Finished Create List of Static Device Nodes.
[  OK  ] Mounted Huge Pages File System.
[  OK  ] Mounted POSIX Message Queue File System.
[  OK  ] Mounted Kernel Debug File System.
[  OK  ] Mounted Kernel Trace File System.
[  OK  ] Mounted Temporary Directory /tmp.
[  OK  ] Mounted Kernel Configuration File System.
[  OK  ] Mounted FUSE Control File System.
[  OK  ] Finished Remount Root and Kernel File Systems.
[  OK  ] Finished Load udev Rules from Credentials.
Starting Load/Save OS Random Seed...
Starting Create Static Device Nodes in /dev gracefully...
[  OK  ] Started Journal Service.
[  OK  ] Finished Load Kernel Modules.
Starting Flush Journal to Persistent Storage...
Starting Apply Kernel Variables...
[  OK  ] Finished Load/Save OS Random Seed.
[  OK  ] Finished Flush Journal to Persistent Storage.
[  OK  ] Finished Monitoring of LVM2 mirror…using dmeventd or progress polling.
[  OK  ] Finished Apply Kernel Variables.
[  OK  ] Finished Coldplug All udev Devices.
Starting User Database Manager...
Mounting Arbitrary Executable File Formats File System...
[  OK  ] Mounted Arbitrary Executable File Formats File System.
[  OK  ] Started User Database Manager.
[  OK  ] Finished Create Static Device Nodes in /dev gracefully.
Starting Create System Users...
[  OK  ] Finished Create System Users.
Starting Journal Log Access Socket...
Starting Create Static Device Nodes in /dev...
[  OK  ] Listening on Journal Log Access Socket.
[  OK  ] Finished Create Static Device Nodes in /dev.
[  OK  ] Reached target Preparation for Local File Systems.
Starting Rule-based Manager for Device Events and Files...
[  OK  ] Started Rule-based Manager for Device Events and Files.
[  OK  ] Listening on Disk Image Download Service Socket.
Mounting Bind mount /var/lib/pacma…g between snapshot/rolling repos...
[  OK  ] Mounted Bind mount /var/lib/pacman…ing between snapshot/rolling repos.
[  OK  ] Reached target Local File Systems.
[  OK  ] Listening on Boot Loader Control Service Socket.
[  OK  ] Listening on System Extension Image Management.
Starting Create System Files and Directories...
Starting Load JSON user/group Records from Credentials...
[  OK  ] Finished Load JSON user/group Records from Credentials.
[  OK  ] Found device /dev/ttyS0.
[  OK  ] Finished Create System Files and Directories.
Starting Rebuild Journal Catalog...
Starting Record System Boot/Shutdown in UTMP...
[  OK  ] Finished Record System Boot/Shutdown in UTMP.
[  OK  ] Finished Rebuild Journal Catalog.
Starting Update is Completed...
[  OK  ] Finished Update is Completed.
[  OK  ] Reached target System Initialization.
[  OK  ] Started Update the plocate database daily.
[  OK  ] Started Daily Cleanup of Temporary Directories.
[  OK  ] Reached target Timer Units.
[  OK  ] Listening on D-Bus System Message Bus Socket.
[  OK  ] Listening on GnuPG network certifi…ent daemon for /etc/pacman.d/gnupg.
[  OK  ] Listening on GnuPG cryptographic a… browsers) for /etc/pacman.d/gnupg.
[  OK  ] Listening on GnuPG cryptographic a…estricted) for /etc/pacman.d/gnupg.
[  OK  ] Listening on GnuPG cryptographic a…emulation) for /etc/pacman.d/gnupg.
[  OK  ] Listening on GnuPG cryptographic a…rase cache for /etc/pacman.d/gnupg.
[  OK  ] Listening on GnuPG public key mana…nt service for /etc/pacman.d/gnupg.
[  OK  ] Listening on Authorization Manager Agent Helper.
[  OK  ] Listening on OpenSSH Server Socket…temd-ssh-generator, AF_UNIX Local).
[  OK  ] Listening on User Login Management Varlink Socket.
[  OK  ] Listening on Virtual Machine and C…tainer Registration Service Socket.
[  OK  ] Reached target Socket Units.
Starting D-Bus System Message Bus...
Starting Virtual Console Setup...
[  OK  ] Stopped Virtual Console Setup.
Starting Virtual Console Setup...
[  OK  ] Started D-Bus System Message Bus.
[  OK  ] Reached target Basic System.
Starting SSH Key Generation...
Starting SystemRescue Initialization, before networking...
Starting User Login Management...
[  OK  ] Finished Virtual Console Setup.
[  OK  ] Started User Login Management.
[  OK  ] Finished SSH Key Generation.
[   27.449462] sysrescue-initialize-prenet[475]: ====> Script /etc/systemd/scripts/sysrescue-initialize-prenet starting ...
[   27.450983] sysrescue-initialize-prenet[475]: ====> Read the effective configuration file ...
[   27.451620] sysrescue-initialize-prenet[475]: ====> Showing the effective global configuration (except clear passwords) ...
[   27.452015] sysrescue-initialize-prenet[475]: config['global']['nofirewall']=False
[   27.452316] sysrescue-initialize-prenet[475]: ====> Applying pre-network configuration ...
[   27.452562] sysrescue-initialize-prenet[475]: ====> Script /etc/systemd/scripts/sysrescue-initialize-prenet completed with 0 errors ...
[  OK  ] Finished SystemRescue Initialization, before networking.
Starting IPv4 Packet Filtering Framework...
Starting SystemRescue Initialization, parallel to networking...
[   27.814768] sysrescue-initialize-whilenet[489]: ====> Script /etc/systemd/scripts/sysrescue-initialize-whilenet starting ...
[   27.815630] sysrescue-initialize-whilenet[489]: ====> Read the effective configuration file ...
[   27.816282] sysrescue-initialize-whilenet[489]: ====> Showing the effective global configuration (except clear passwords) ...
[   27.817940] sysrescue-initialize-whilenet[489]: config['global']['setkmap']=
[   27.818414] sysrescue-initialize-whilenet[489]: config['global']['rootshell']=
[   27.818720] sysrescue-initialize-whilenet[489]: config['global']['noautologin']=False
[   27.818970] sysrescue-initialize-whilenet[489]: config['global']['dostartx']=True
[   27.819189] sysrescue-initialize-whilenet[489]: config['global']['dovnc']=False
[   27.819404] sysrescue-initialize-whilenet[489]: config['global']['late_load_srm']=
[   27.819610] sysrescue-initialize-whilenet[489]: config['sysconfig']['timezone']=
[   27.819849] sysrescue-initialize-whilenet[489]: ====> Applying configuration ...
[   27.840228] sysrescue-initialize-whilenet[489]: ====> Configuring bash_history ...
[   27.840866] sysrescue-initialize-whilenet[489]: ====> Configuring autoterminal ...
[   27.866623] sysrescue-initialize-whilenet[489]: setting terminal 'tty2' to '/usr/local/system_rescue/bin/system-rescue.sh'
[  OK  ] Finished IPv4 Packet Filtering Framework.
Starting IPv6 Packet Filtering Framework...
[   28.891284] sysrescue-initialize-whilenet[489]: ====> Script /etc/systemd/scripts/sysrescue-initialize-whilenet completed with 0 errors ...
[  OK  ] Finished SystemRescue Initialization, parallel to networking.
[  OK  ] Finished IPv6 Packet Filtering Framework.
[  OK  ] Reached target Preparation for Network.
Starting Network Manager...
Starting Hostname Service...
[  OK  ] Started Hostname Service.
[  OK  ] Listening on Load/Save RF Kill Switch Status /dev/rfkill Watch.
Starting Network Manager Script Dispatcher Service...
[  OK  ] Started Network Manager.
[  OK  ] Reached target Network.
Starting Network Manager Wait Online...
Starting OpenSSH Daemon...
Starting Permit User Sessions...
[  OK  ] Started Network Manager Script Dispatcher Service.
[  OK  ] Finished Permit User Sessions.
[  OK  ] Finished Network Manager Wait Online.
[  OK  ] Started OpenSSH Daemon.
[  OK  ] Reached target Network is Online.
[  OK  ] Reached target SSH Access Available.
Starting SystemRescue Autorun...
############################# Initializing autorun #############################
Showing the effective autorun configuration ...
config['ar_disable']=False
config['ar_attempts']=1
config['ar_source']=
config['ar_ignorefail']=False
config['ar_nodel']=False
config['ar_nowait']=True
ar_suffixes=['', '0', '1', '2', '3', '4', '5', '6', '7', '8', '9', 'A', 'B', 'C', 'D', 'E', 'F']
exec=[]
Cannot find a valid ar_source, searching scripts in the default directories
No autorun scripts found, nothing to do.
[  OK  ] Finished SystemRescue Autorun.
[  OK  ] Reached target Preparation for Logins.
[  OK  ] Started SystemRescue autoterminal tty2.
[  OK  ] Started Getty on tty1.
[  OK  ] Started Serial Getty on ttyS0.
[  OK  ] Reached target Login Prompts.
[  OK  ] Reached target Multi-User System.
7878
========= SystemRescue 13.02 (x86_64) ======== ttyS0/6 =========
https://www.system-rescue.org/
* Console environment :
Run setkmap to choose the keyboard layout (also accessible with the arrow up key)
Run manual to read the documentation of SystemRescue
* Graphical environment :
Type startx to run the graphical environment
X.Org comes with the XFCE environment and several graphical tools:
- Partition manager: .. gparted
- Web browser: ........ firefox
- Text editor: ........ featherpad
sysrescue login: root (automatic login)
root
[root@sysrescue ~]# mkdir -p /mnt/project; mount -t 9p -o trans=virtio,ro project /mnt/project && bash /mnt/project/two_vm_guest.sh setup; result=$?; printf '\nSR_RUN_EXIT=%s\n' "$result"
Creating new GPT entries in memory.
The operation has completed successfully.
mkfs.fat 4.2 (2021-01-31)
btrfs-progs v6.17.1
See https://btrfs.readthedocs.io for more information.
Performing full device TRIM /dev/vda2 (11.50GiB) ...
Label:              (null)
UUID:               d8320ce3-1adb-4d0d-8d71-7dd4c2f9cba1
Node size:          16384
Sector size:        4096	(CPU page size: 4096)
Filesystem size:    11.50GiB
Block group profiles:
Data:             single            8.00MiB
Metadata:         DUP             256.00MiB
System:           DUP               8.00MiB
SSD detected:       no
Zoned device:       no
Features:           extref, skinny-metadata, no-holes, free-space-tree
Checksum:           crc32c
Number of devices:  1
Devices:
ID        SIZE  PATH
1    11.50GiB  /dev/vda2
Create subvolume '/mnt/top/@'
Create subvolume '/mnt/top/@home'
Parallel unsquashfs: Using 4 processors
81793 inodes (74843 blocks) to write
[/                                                         ]   2357/156636   1%
[-                                                         ]   2493/156636   1%
[=|                                                        ]   2754/156636   1%
[=/                                                        ]   3079/156636   1%
[=-                                                        ]   3378/156636   2%
[=\                                                        ]   3563/156636   2%
[=\                                                        ]   3628/156636   2%
[=/                                                        ]   3687/156636   2%
[=-                                                        ]   3723/156636   2%
[=\                                                        ]   3779/156636   2%
[=\                                                        ]   3820/156636   2%
[=/                                                        ]   3884/156636   2%
[=-                                                        ]   3928/156636   2%
[=\                                                        ]   4016/156636   2%
[=|                                                        ]   4268/156636   2%
[=/                                                        ]   4510/156636   2%
[=-                                                        ]   4723/156636   3%
[=-                                                        ]   4791/156636   3%
[=|                                                        ]   5012/156636   3%
[=/                                                        ]   5413/156636   3%
[==-                                                       ]   5819/156636   3%
[==\                                                       ]   6025/156636   3%
[==|                                                       ]   6212/156636   3%
[==/                                                       ]   6384/156636   4%
[==-                                                       ]   6609/156636   4%
[==\                                                       ]   6968/156636   4%
[==|                                                       ]   7435/156636   4%
[==/                                                       ]   7876/156636   5%
[===-                                                      ]   8251/156636   5%
[===\                                                      ]   8327/156636   5%
[===|                                                      ]   8396/156636   5%
[===/                                                      ]   8451/156636   5%
[===-                                                      ]   8503/156636   5%
[===\                                                      ]   8571/156636   5%
[===|                                                      ]   8733/156636   5%
[===/                                                      ]   9091/156636   5%
[===-                                                      ]   9206/156636   5%
[===\                                                      ]   9483/156636   6%
[===|                                                      ]   9513/156636   6%
[===/                                                      ]   9943/156636   6%
[===-                                                      ]  10176/156636   6%
[===\                                                      ]  10413/156636   6%
[===|                                                      ]  10481/156636   6%
[====/                                                     ]  11818/156636   7%
[====/                                                     ]  11925/156636   7%
[====\                                                     ]  13196/156636   8%
[=====|                                                    ]  14255/156636   9%
[=====/                                                    ]  16132/156636  10%
[======-                                                   ]  17496/156636  11%
[======\                                                   ]  18674/156636  11%
[=======|                                                  ]  19283/156636  12%
[=======/                                                  ]  19578/156636  12%
[=======-                                                  ]  19607/156636  12%
[=======\                                                  ]  20113/156636  12%
[=======|                                                  ]  20337/156636  12%
[=======/                                                  ]  20924/156636  13%
[=======-                                                  ]  21348/156636  13%
[=======\                                                  ]  21792/156636  13%
[========|                                                 ]  22251/156636  14%
[========/                                                 ]  23112/156636  14%
[========-                                                 ]  23522/156636  15%
[========\                                                 ]  24447/156636  15%
[=========|                                                ]  24810/156636  15%
[=========/                                                ]  25971/156636  16%
[=========-                                                ]  27012/156636  17%
[==========\                                               ]  28284/156636  18%
[==========|                                               ]  28783/156636  18%
[==========/                                               ]  29149/156636  18%
[==========-                                               ]  29440/156636  18%
[==========\                                               ]  29572/156636  18%
[==========|                                               ]  29765/156636  19%
[===========/                                              ]  30319/156636  19%
[===========-                                              ]  30553/156636  19%
[===========\                                              ]  30640/156636  19%
[===========|                                              ]  30836/156636  19%
[===========/                                              ]  30960/156636  19%
[===========-                                              ]  31130/156636  19%
[===========\                                              ]  31348/156636  20%
[===========/                                              ]  31521/156636  20%
[===========-                                              ]  31599/156636  20%
[===========\                                              ]  31770/156636  20%
[===========|                                              ]  31941/156636  20%
[===========/                                              ]  32109/156636  20%
[===========-                                              ]  32464/156636  20%
[===========\                                              ]  32581/156636  20%
[============|                                             ]  33223/156636  21%
[============/                                             ]  33903/156636  21%
[============-                                             ]  34048/156636  21%
[============\                                             ]  34860/156636  22%
[=============|                                            ]  36213/156636  23%
[=============/                                            ]  36330/156636  23%
[=============-                                            ]  37416/156636  23%
[==============\                                           ]  38614/156636  24%
[==============|                                           ]  39337/156636  25%
[==============/                                           ]  39962/156636  25%
[==============-                                           ]  40267/156636  25%
[==============\                                           ]  40751/156636  26%
[===============|                                          ]  41887/156636  26%
[===============/                                          ]  42482/156636  27%
[===============-                                          ]  43270/156636  27%
[===============\                                          ]  43769/156636  27%
[================|                                         ]  44666/156636  28%
[================/                                         ]  45580/156636  29%
[================-                                         ]  46295/156636  29%
[=================\                                        ]  46831/156636  29%
[==================|                                       ]  49786/156636  31%
[==================/                                       ]  51346/156636  32%
[===================-                                      ]  53778/156636  34%
[====================\                                     ]  56841/156636  36%
[=====================|                                    ]  59128/156636  37%
[=======================/                                  ]  63744/156636  40%
[=======================-                                  ]  65254/156636  41%
[========================\                                 ]  67007/156636  42%
[=========================|                                ]  68814/156636  43%
[==========================/                               ]  71452/156636  45%
[===========================-                              ]  74990/156636  47%
[===========================\                              ]  76304/156636  48%
[============================|                             ]  77500/156636  49%
[============================/                             ]  78943/156636  50%
[=============================-                            ]  80387/156636  51%
[==============================\                           ]  85116/156636  54%
[=================================|                        ]  90845/156636  57%
[==================================/                       ]  94561/156636  60%
[===================================-                      ]  97675/156636  62%
[====================================\                     ] 101246/156636  64%
[======================================|                   ] 104690/156636  66%
[=======================================/                  ] 107672/156636  68%
[========================================-                 ] 111847/156636  71%
[==========================================\               ] 117013/156636  74%
[============================================|             ] 121712/156636  77%
[=============================================/            ] 125413/156636  80%
[==============================================-           ] 126941/156636  81%
[==============================================\           ] 129056/156636  82%
[================================================|         ] 132754/156636  84%
[==================================================/       ] 138601/156636  88%
[===================================================-      ] 142503/156636  90%
[====================================================\     ] 145512/156636  92%
[======================================================|   ] 150347/156636  95%
[=======================================================/  ] 153606/156636  98%
[========================================================- ] 156601/156636  99%
[=========================================================-] 156636/156636 100%
created 71744 files
created 8801 directories
created 8125 symlinks
created 0 devices
created 0 fifos
created 4 sockets
created 1920 hardlinks
==> Starting build: '6.18.41-1-lts'
-> Running build hook: [base]
-> Running build hook: [systemd]
-> Running build hook: [modconf]
-> Running build hook: [block]
==> WARNING: Possibly missing firmware for module: 'aic94xx'
==> WARNING: Possibly missing firmware for module: 'wd719x'
==> WARNING: Possibly missing firmware for module: 'xhci_pci_renesas'
-> Running build hook: [filesystems]
==> Generating module dependencies
==> Creating zstd-compressed initcpio image: '/boot/initramfs-linux.img'
-> Early uncompressed CPIO image generation successful
==> Initcpio image generation successful
Create readonly snapshot of '/mnt/top/@' in '/mnt/top/snapshot'
SR_STAGE_OK=setup
SR_RUN_EXIT=0
sync; systemctl poweroff
[root@sysrescue ~]# sync; systemctl poweroff
[root@sysrescue ~]#
Stopping Sessi         Stopping Session 2 of User root...
Stopping Session 3 of User root...
[  OK  ] Removed slice Slice /system/modprobe.
[  OK  ] Stopped target Multi-User System.
[  OK  ] Stopped target Login Prompts.
[  OK  ] Stopped target SSH Access Available.
[  OK  ] Stopped target Timer Units.
[  OK  ] Stopped Update the plocate database daily.
[  OK  ] Stopped Daily Cleanup of Temporary Directories.
[  OK  ] Closed LVM2 poll daemon socket.
[  OK  ] Closed Load/Save RF Kill Switch Status /dev/rfkill Watch.
Stopping SystemRescue autoterminal tty2...
Stopping Getty on tty1...
Starting Generate shutdown-ramfs...
Stopping Authorization Manager...
Stopping Serial Getty on ttyS0...
Stopping OpenSSH Daemon...
Stopping Load/Save OS Random Seed...
[  OK  ] Stopped Load udev Rules from Credentials.
Stopping Daemon for power management...
[  OK  ] Stopped SystemRescue autoterminal tty2.
[  OK  ] Stopped Session 2 of User root.
[  OK  ] Stopped OpenSSH Daemon.
vmmouse: unknown command 5621000000f5
[  OK  ] Stopped Daemon for power management.
[  OK  ] Stopped Getty on tty1.
[  OK  ] Stopped Serial Getty on ttyS0.
78[  OK  ] Stopped Authorization Manager.
[  OK  ] Stopped Load/Save OS Random Seed.
[  OK  ] Stopped Session 1 of User root.
[  OK  ] Removed slice Slice /system/getty.
[  OK  ] Removed slice Slice /system/serial-getty.
[  OK  ] Stopped target Preparation for Logins.
[  OK  ] Stopped SystemRescue Autorun.
[  OK  ] Stopped target Network is Online.
[  OK  ] Stopped Network Manager Wait Online.
[  OK  ] Stopped SystemRescue Initialization, parallel to networking.
Stopping Permit User Sessions...
[  OK  ] Stopped Permit User Sessions.
[  OK  ] Stopped target Network.
[  OK  ] Stopped target Remote File Systems.
Stopping Network Manager...
[  OK  ] Stopped Load JSON user/group Records from Credentials.
[  OK  ] Stopped Session 3 of User root.
Stopping User Manager for UID 0...
[  OK  ] Stopped Network Manager.
[  OK  ] Stopped target Preparation for Network.
Stopping IPv6 Packet Filtering Framework...
[  OK  ] Stopped User Manager for UID 0.
[  OK  ] Stopped IPv6 Packet Filtering Framework.
Stopping IPv4 Packet Filtering Framework...
Stopping User Runtime Directory /run/user/0...
[  OK  ] Unmounted /run/user/0.
[  OK  ] Stopped User Runtime Directory /run/user/0.
[  OK  ] Removed slice User Slice of UID 0.
Stopping User Login Management...
[  OK  ] Stopped IPv4 Packet Filtering Framework.
[  OK  ] Stopped SystemRescue Initialization, before networking.
[  OK  ] Stopped User Login Management.
[  OK  ] Stopped target Basic System.
[  OK  ] Stopped target Path Units.
[  OK  ] Stopped target Slice Units.
[  OK  ] Removed slice User and Session Slice.
[  OK  ] Stopped target Socket Units.
[  OK  ] Closed GnuPG network certificate m…ent daemon for /etc/pacman.d/gnupg.
[  OK  ] Removed slice Slice /system/dirmngr.
[  OK  ] Closed GnuPG cryptographic agent a… browsers) for /etc/pacman.d/gnupg.
[  OK  ] Removed slice Slice /system/gpg-agent-browser.
[  OK  ] Closed GnuPG cryptographic agent a…estricted) for /etc/pacman.d/gnupg.
[  OK  ] Removed slice Slice /system/gpg-agent-extra.
[  OK  ] Closed GnuPG cryptographic agent (…emulation) for /etc/pacman.d/gnupg.
[  OK  ] Removed slice Slice /system/gpg-agent-ssh.
[  OK  ] Closed GnuPG cryptographic agent a…rase cache for /etc/pacman.d/gnupg.
[  OK  ] Removed slice Slice /system/gpg-agent.
[  OK  ] Closed GnuPG public key management service for /etc/pacman.d/gnupg.
[  OK  ] Removed slice Slice /system/keyboxd.
[  OK  ] Closed Authorization Manager Agent Helper.
[  OK  ] Closed OpenSSH Server Socket (systemd-ssh-generator, AF_UNIX Local).
[  OK  ] Closed Hostname Service Socket.
[  OK  ] Closed Disk Image Download Service Socket.
[  OK  ] Closed User Login Management Varlink Socket.
[  OK  ] Closed Virtual Machine and Container Registration Service Socket.
[  OK  ] Closed Console Output Muting Service Socket.
[  OK  ] Closed Disk Repartitioning Service Socket.
Stopping D-Bus System Message Bus...
[  OK  ] Stopped D-Bus System Message Bus.
[  OK  ] Closed D-Bus System Message Bus Socket.
[  OK  ] Stopped target System Initialization.
[  OK  ] Unset automount Arbitrary Executab…ormats File System Automount Point.
[  OK  ] Stopped target Local Encrypted Volumes.
[  OK  ] Stopped Dispatch Password Requests to Console Directory Watch.
[  OK  ] Stopped Forward Password Requests to Wall Directory Watch.
[  OK  ] Stopped target Image Downloads.
[  OK  ] Stopped target Local Integrity Protected Volumes.
[  OK  ] Stopped target Local Verity Protected Volumes.
[  OK  ] Stopped Apply Kernel Variables.
[  OK  ] Closed Process Core Dump Socket.
[  OK  ] Stopped Load Kernel Modules.
[  OK  ] Stopped Update is Completed.
[  OK  ] Stopped Rebuild Journal Catalog.
Stopping Record System Boot/Shutdown in UTMP...
[  OK  ] Stopped Record System Boot/Shutdown in UTMP.
[  OK  ] Stopped Create System Files and Directories.
[  OK  ] Stopped target Local File Systems.
Unmounting /mnt/project...
Unmounting /run/archiso/bootmnt...
Unmounting /run/archiso/cowspace...
Unmounting /run/archiso/sfs/airootfs...
Unmounting /run/archiso/sfs/srm1...
Unmounting Temporary Directory /tmp...
Unmounting Bind mount /var/lib/pac…g between snapshot/rolling repos...
[  OK  ] Finished Generate shutdown-ramfs.
[FAILED] Failed unmounting /run/archiso/bootmnt.
[  OK  ] Unmounted /run/archiso/cowspace.
[  OK  ] Unmounted /run/archiso/sfs/airootfs.
[  OK  ] Unmounted /run/archiso/sfs/srm1.
[  OK  ] Unmounted Bind mount /var/lib/pacm…ing between snapshot/rolling repos.
[  OK  ] Unmounted Temporary Directory /tmp.
[  OK  ] Stopped target Swaps.
[  OK  ] Unmounted /mnt/project.
[  OK  ] Stopped target Preparation for Local File Systems.
[  OK  ] Reached target Unmount All Filesystems.
Stopping Monitoring of LVM2 mirror…ing dmeventd or progress polling...
[  OK  ] Stopped Create Static Device Nodes in /dev.
[  OK  ] Stopped Create System Users.
[  OK  ] Stopped Remount Root and Kernel File Systems.
[  OK  ] Stopped Create Static Device Nodes in /dev gracefully.
[  OK  ] Stopped Monitoring of LVM2 mirrors…using dmeventd or progress polling.
[  OK  ] Reached target System Shutdown.
[  OK  ] Reached target Late Shutdown Services.
[  OK  ] Finished System Power Off.
[  OK  ] Reached target System Power Off.
78[  118.942688] reboot: Power down

=== source-boot — complete serial log, terminal escapes removed ===
BdsDxe: loading Boot0002 "UEFI Misc Device" from PciRoot(0x0)/Pci(0x2,0x0)
BdsDxe: starting Boot0002 "UEFI Misc Device" from PciRoot(0x0)/Pci(0x2,0x0)
78Booting initrd of SystemRescue 13.02.
Expecting device /dev/disk/by-uuid…0ce3-1adb-4d0d-8d71-7dd4c2f9cba1...
[  OK  ] Reached target Path Units.
[  OK  ] Reached target Slice Units.
[  OK  ] Reached target Swaps.
[  OK  ] Reached target Timer Units.
[  OK  ] Listening on Journal Socket (/dev/log).
[  OK  ] Listening on Journal Sockets.
[  OK  ] Listening on udev Control Socket.
[  OK  ] Listening on udev Kernel Socket.
[  OK  ] Reached target Socket Units.
Starting Create List of Static Device Nodes...
Starting Journal Service...
Starting Load Kernel Modules...
Starting Create Static Device Nodes in /dev...
Starting Coldplug All udev Devices...
[  OK  ] Finished Create List of Static Device Nodes.
[  OK  ] Finished Load Kernel Modules.
[  OK  ] Finished Create Static Device Nodes in /dev.
[  OK  ] Reached target Preparation for Local File Systems.
[  OK  ] Reached target Local File Systems.
Starting Rule-based Manager for Device Events and Files...
[  OK  ] Started Journal Service.
Starting Create System Files and Directories...
[  OK  ] Finished Create System Files and Directories.
[  OK  ] Started Rule-based Manager for Device Events and Files.
[  OK  ] Finished Coldplug All udev Devices.
[  OK  ] Reached target System Initialization.
[  OK  ] Reached target Basic System.
[  OK  ] Found device /dev/disk/by-uuid/d8320ce3-1adb-4d0d-8d71-7dd4c2f9cba1.
[  OK  ] Reached target Initrd Root Device.
Mounting /sysroot...
[  OK  ] Mounted /sysroot.
[  OK  ] Reached target Initrd Root File System.
Starting Mountpoints Configured in the Real Root...
[  OK  ] Finished Mountpoints Configured in the Real Root.
[  OK  ] Reached target Initrd File Systems.
[  OK  ] Reached target Initrd Default Target.
Starting Cleaning Up and Shutting Down Daemons...
[  OK  ] Stopped target Initrd Default Target.
[  OK  ] Stopped target Basic System.
[  OK  ] Stopped target Initrd Root Device.
[  OK  ] Stopped target Path Units.
[  OK  ] Stopped target Slice Units.
[  OK  ] Stopped target Socket Units.
[  OK  ] Stopped target System Initialization.
[  OK  ] Stopped target Swaps.
[  OK  ] Stopped target Timer Units.
[  OK  ] Stopped Create List of Static Device Nodes.
[  OK  ] Stopped Load Kernel Modules.
[  OK  ] Stopped Create System Files and Directories.
[  OK  ] Stopped target Local File Systems.
[  OK  ] Stopped target Preparation for Local File Systems.
[  OK  ] Stopped Coldplug All udev Devices.
Stopping Rule-based Manager for Device Events and Files...
[  OK  ] Finished Cleaning Up and Shutting Down Daemons.
[  OK  ] Stopped Rule-based Manager for Device Events and Files.
[  OK  ] Closed udev Control Socket.
Starting Cleanup udev Database...
[  OK  ] Stopped Create Static Device Nodes in /dev.
[  OK  ] Finished Cleanup udev Database.
[  OK  ] Reached target Switch Root.
Starting Switch Root...
78
Welcome to SystemRescue 13.02!
[  OK  ] Stopped Switch Root.
[  OK  ] Created slice Slice /system/dirmngr.
[  OK  ] Created slice Slice /system/getty.
[  OK  ] Created slice Slice /system/gpg-agent.
[  OK  ] Created slice Slice /system/gpg-agent-browser.
[  OK  ] Created slice Slice /system/gpg-agent-extra.
[  OK  ] Created slice Slice /system/gpg-agent-ssh.
[  OK  ] Created slice Slice /system/keyboxd.
[  OK  ] Created slice Slice /system/modprobe.
[  OK  ] Created slice Slice /system/serial-getty.
[  OK  ] Created slice Slice /system/systemd-fsck.
[  OK  ] Created slice User and Session Slice.
[  OK  ] Started Dispatch Password Requests to Console Directory Watch.
[  OK  ] Started Forward Password Requests to Wall Directory Watch.
[  OK  ] Set up automount Arbitrary Executa…ormats File System Automount Point.
Expecting device /dev/disk/by-uuid/CB33-0C06...
Expecting device /dev/disk/by-uuid…0ce3-1adb-4d0d-8d71-7dd4c2f9cba1...
Expecting device /dev/ttyS0...
[  OK  ] Reached target Image Downloads.
[  OK  ] Stopped target Switch Root.
[  OK  ] Stopped target Initrd File Systems.
[  OK  ] Stopped target Initrd Root File System.
[  OK  ] Reached target Local Integrity Protected Volumes.
[  OK  ] Reached target Path Units.
[  OK  ] Reached target Remote File Systems.
[  OK  ] Reached target Slice Units.
[  OK  ] Reached target Swaps.
[  OK  ] Reached target Local Verity Protected Volumes.
[  OK  ] Listening on Device-mapper event daemon FIFOs.
[  OK  ] Listening on LVM2 poll daemon socket.
[  OK  ] Listening on Query the User Interactively for a Password.
[  OK  ] Listening on Process Core Dump Socket.
[  OK  ] Listening on Credential Encryption/Decryption.
[  OK  ] Listening on Factory Reset Management.
[  OK  ] Listening on Hostname Service Socket.
[  OK  ] Listening on Console Output Muting Service Socket.
[  OK  ] Listening on Disk Repartitioning Service Socket.
[  OK  ] Listening on Simple Block Device Backed Storage Provider.
[  OK  ] Listening on Simple File System Backed Storage Provider.
[  OK  ] Listening on udev Control Socket.
[  OK  ] Listening on udev Varlink Socket.
[  OK  ] Listening on User Database Manager Socket.
Mounting Huge Pages File System...
Mounting POSIX Message Queue File System...
Mounting Kernel Debug File System...
Mounting Kernel Trace File System...
Mounting Temporary Directory /tmp...
Starting Create List of Static Device Nodes...
Starting Monitoring of LVM2 mirror…ing dmeventd or progress polling...
Mounting Kernel Configuration File System...
Mounting FUSE Control File System...
Starting Journal Service...
Starting Load Kernel Modules...
Starting Remount Root and Kernel File Systems...
[  OK  ] Reached target Local Encrypted Volumes.
Starting Load udev Rules from Credentials...
Starting Coldplug All udev Devices...
[  OK  ] Mounted Huge Pages File System.
[  OK  ] Mounted POSIX Message Queue File System.
[  OK  ] Mounted Kernel Debug File System.
[  OK  ] Mounted Kernel Trace File System.
[  OK  ] Mounted Temporary Directory /tmp.
[  OK  ] Finished Create List of Static Device Nodes.
[  OK  ] Mounted Kernel Configuration File System.
[  OK  ] Mounted FUSE Control File System.
[  OK  ] Finished Load Kernel Modules.
[  OK  ] Started Journal Service.
[  OK  ] Finished Load udev Rules from Credentials.
Starting Apply Kernel Variables...
Starting Create Static Device Nodes in /dev gracefully...
[  OK  ] Finished Apply Kernel Variables.
[  OK  ] Finished Remount Root and Kernel File Systems.
Starting Flush Journal to Persistent Storage...
Starting Load/Save OS Random Seed...
Starting User Database Manager...
[  OK  ] Finished Flush Journal to Persistent Storage.
[  OK  ] Finished Coldplug All udev Devices.
[  OK  ] Finished Load/Save OS Random Seed.
[  OK  ] Finished Monitoring of LVM2 mirror…using dmeventd or progress polling.
Mounting Arbitrary Executable File Formats File System...
[  OK  ] Mounted Arbitrary Executable File Formats File System.
[  OK  ] Started User Database Manager.
[  OK  ] Finished Create Static Device Nodes in /dev gracefully.
Starting Create System Users...
[  OK  ] Finished Create System Users.
Starting Journal Log Access Socket...
Starting Create Static Device Nodes in /dev...
[  OK  ] Listening on Journal Log Access Socket.
[  OK  ] Finished Create Static Device Nodes in /dev.
[  OK  ] Reached target Preparation for Local File Systems.
Starting Rule-based Manager for Device Events and Files...
[  OK  ] Started Rule-based Manager for Device Events and Files.
[  OK  ] Listening on Disk Image Download Service Socket.
[  OK  ] Found device /dev/disk/by-uuid/d8320ce3-1adb-4d0d-8d71-7dd4c2f9cba1.
Mounting /home...
Starting File System Check on /dev/disk/by-uuid/CB33-0C06...
[  OK  ] Mounted /home.
[  OK  ] Finished File System Check on /dev/disk/by-uuid/CB33-0C06.
Mounting /boot...
[  OK  ] Mounted /boot.
[  OK  ] Reached target Local File Systems.
[  OK  ] Listening on Boot Loader Control Service Socket.
[  OK  ] Listening on System Extension Image Management.
Starting Update Boot Loader Random Seed...
Starting Create System Files and Directories...
Starting Load JSON user/group Records from Credentials...
[  OK  ] Finished Load JSON user/group Records from Credentials.
[  OK  ] Finished Update Boot Loader Random Seed.
[  OK  ] Finished Create System Files and Directories.
Starting Rebuild Journal Catalog...
Starting Record System Boot/Shutdown in UTMP...
[  OK  ] Finished Record System Boot/Shutdown in UTMP.
[  OK  ] Finished Rebuild Journal Catalog.
Starting Update is Completed...
[  OK  ] Finished Update is Completed.
[  OK  ] Reached target System Initialization.
[  OK  ] Started Update the plocate database daily.
[  OK  ] Started Daily Cleanup of Temporary Directories.
[  OK  ] Reached target Timer Units.
[  OK  ] Listening on D-Bus System Message Bus Socket.
[  OK  ] Listening on GnuPG network certifi…ent daemon for /etc/pacman.d/gnupg.
[  OK  ] Listening on GnuPG cryptographic a… browsers) for /etc/pacman.d/gnupg.
[  OK  ] Listening on GnuPG cryptographic a…estricted) for /etc/pacman.d/gnupg.
[  OK  ] Listening on GnuPG cryptographic a…emulation) for /etc/pacman.d/gnupg.
[  OK  ] Listening on GnuPG cryptographic a…rase cache for /etc/pacman.d/gnupg.
[  OK  ] Listening on GnuPG public key mana…nt service for /etc/pacman.d/gnupg.
[  OK  ] Listening on Authorization Manager Agent Helper.
[  OK  ] Listening on OpenSSH Server Socket…temd-ssh-generator, AF_UNIX Local).
[  OK  ] Listening on User Login Management Varlink Socket.
[  OK  ] Listening on Virtual Machine and C…tainer Registration Service Socket.
[  OK  ] Reached target Socket Units.
Starting D-Bus System Message Bus...
Starting Virtual Console Setup...
[  OK  ] Started D-Bus System Message Bus.
[  OK  ] Reached target Basic System.
Starting IPv4 Packet Filtering Framework...
Starting Verify installed recovery fixture...
Starting SSH Key Generation...
Starting User Login Management...
[  OK  ] Finished Virtual Console Setup.
[   11.713122] rehearsal-check[356]: etc/rehearsal/config: OK
[  OK  ] Started User Login Management.
[   11.841665] rehearsal-check[356]: home/rehearsal/data.bin: OK
[   11.850167] rehearsal-check[356]: boot/EFI/BOOT/BOOTX64.EFI: OK
[   11.988224] rehearsal-check[356]: boot/vmlinuz-linux: OK
[  OK  ] Finished IPv4 Packet Filtering Framework.
Starting IPv6 Packet Filtering Framework...
[  OK  ] Finished IPv6 Packet Filtering Framework.
[  OK  ] Reached target Preparation for Network.
Starting Network Manager...
[   12.368707] rehearsal-check[356]: boot/initramfs-linux.img: OK
[   12.403211] rehearsal-check[376]: TARGET SOURCE        FSTYPE OPTIONS
[   12.404240] rehearsal-check[376]: /      /dev/vda2[/@] btrfs  rw,relatime,discard=async,space_cache=v2,subvolid=256,subvol=/@
[   12.411012] rehearsal-check[378]: TARGET SOURCE            FSTYPE OPTIONS
[   12.411514] rehearsal-check[378]: /home  /dev/vda2[/@home] btrfs  rw,relatime,discard=async,space_cache=v2,subvolid=257,subvol=/@home
[   12.419144] rehearsal-check[379]: TARGET SOURCE    FSTYPE OPTIONS
[   12.419672] rehearsal-check[379]: /boot  /dev/vda1 vfat   rw,relatime,fmask=0022,dmask=0022,codepage=437,iocharset=ascii,shortname=mixed,utf8,errors=remount-ro
Starting Hostname Service...
[   12.441519] rehearsal-check[380]: NAME   SERIAL               FSTYPE UUID                                 MOUNTPOINTS
[   12.444121] rehearsal-check[380]: sr0    QM00005
[   12.444833] rehearsal-check[380]: vda    SR_REHEARSAL_SOURCE-
[   12.445439] rehearsal-check[380]: ├─vda1                      vfat   CB33-0C06                            /boot
[   12.446000] rehearsal-check[380]: └─vda2                      btrfs  d8320ce3-1adb-4d0d-8d71-7dd4c2f9cba1 /home
[   12.446467] rehearsal-check[380]:                                                                         /
[   12.448518] rehearsal-check[337]: SR_INSTALLED_BOOT_OK
[  OK  ] Finished Verify installed recovery fixture.
[  OK  ] Finished SSH Key Generation.
[  OK  ] Started Hostname Service.
[  OK  ] Listening on Load/Save RF Kill Switch Status /dev/rfkill Watch.
Starting Network Manager Script Dispatcher Service...
[  OK  ] Started Network Manager.
[  OK  ] Reached target Network.
Starting OpenSSH Daemon...
Starting Permit User Sessions...
[  OK  ] Started Network Manager Script Dispatcher Service.
[  OK  ] Finished Permit User Sessions.
[  OK  ] Started Getty on tty1.
[  OK  ] Started Serial Getty on ttyS0.
[  OK  ] Reached target Login Prompts.
[  OK  ] Started OpenSSH Daemon.
[  OK  ] Reached target Multi-User System.
[  OK  ] Reached target SSH Access Available.
7878
========= SystemRescue 13.02 (x86_64) ======== ttyS0/6 =========
https://www.system-rescue.org/
* Console environment :
Run setkmap to choose the keyboard layout (also accessible with the arrow up key)
Run manual to read the documentation of SystemRescue
* Graphical environment :
Type startx to run the graphical environment
X.Org comes with the XFCE environment and several graphical tools:
- Partition manager: .. gparted
- Web browser: ........ firefox
- Text editor: ........ featherpad
sr-rehearsal login: root (automatic login)
[root@sr-rehearsal ~]# systemctl status rehearsal-check.service --no-pager; lsblk -o NAME,TYPE,SERIAL,FSTYPE,MOUNTPOINTS; findmnt /; findmnt /home; bash -x /usr/local/bin/rehearsal-check; result=$?; printf '\nSR_BOOT_CHECK_EXIT=%s\n' "$result"
○ rehearsal-check.service - Verify installed recovery fixture
Loaded: loaded (/etc/systemd/system/rehearsal-check.service; enabled; preset: disabled)
Active: inactive (dead) since Thu 2026-09-10 10:57:21 UTC; 2s ago
Invocation: 7eb4e04ea2454dc7a9dc8d2b2fe1103b
Process: 337 ExecStart=/usr/local/bin/rehearsal-check (code=exited, status=0/SUCCESS)
Main PID: 337 (code=exited, status=0/SUCCESS)
Mem peak: 76.5M
CPU: 840ms
Sep 10 10:57:21 sr-rehearsal rehearsal-check[380]: NAME   SERIAL            …NTS
Sep 10 10:57:21 sr-rehearsal rehearsal-check[380]: sr0    QM00005
Sep 10 10:57:21 sr-rehearsal rehearsal-check[380]: vda    SR_REHEARSAL_SOURCE-
Sep 10 10:57:21 sr-rehearsal rehearsal-check[380]: ├─vda1                   …oot
Sep 10 10:57:21 sr-rehearsal rehearsal-check[380]: └─vda2                   …ome
Sep 10 10:57:21 sr-rehearsal rehearsal-check[380]:                          …  /
Sep 10 10:57:21 sr-rehearsal rehearsal-check[337]: SR_INSTALLED_BOOT_OK
Sep 10 10:57:21 sr-rehearsal systemd[1]: rehearsal-check.service: Deactivat…lly.
Sep 10 10:57:21 sr-rehearsal systemd[1]: Finished Verify installed recovery…ure.
Sep 10 10:57:21 sr-rehearsal systemd[1]: rehearsal-check.service: Consumed …eak.
Hint: Some lines were ellipsized, use -l to show in full.
NAME   TYPE SERIAL               FSTYPE MOUNTPOINTS
sr0    rom  QM00005
vda    disk SR_REHEARSAL_SOURCE-
├─vda1 part                      vfat   /boot
└─vda2 part                      btrfs  /home
/
TARGET SOURCE      FSTYPE OPTIONS
/      /dev/vda2[/@]
btrfs  rw,relatime,discard=async,space_cache=v2,subvolid=256,
TARGET SOURCE        FSTYPE OPTIONS
/home  /dev/vda2[/@home]
btrfs  rw,relatime,discard=async,space_cache=v2,subvolid=25
+ set -euo pipefail
+ [[ -d /sys/firmware/efi ]]
++ findmnt -n -o FSTYPE /
+ [[ btrfs == btrfs ]]
++ findmnt -n -o FSROOT /
+ [[ /@ == /@ ]]
++ findmnt -n -o FSROOT /home
+ [[ /@home == /@home ]]
++ lsblk -dn -o TYPE /dev/vda
+ [[ disk == disk ]]
++ lsblk -dn -o NAME,TYPE
++ awk '$2 == "disk" {print $1}'
+ [[ vda == vda ]]
+ cd /
+ sha256sum -c /etc/rehearsal.sha256
etc/rehearsal/config: OK
home/rehearsal/data.bin: OK
boot/EFI/BOOT/BOOTX64.EFI: OK
boot/vmlinuz-linux: OK
boot/initramfs-linux.img: OK
++ stat -c %i /home/rehearsal/data.bin
++ stat -c %i /home/rehearsal/hardlink.bin
+ [[ 258 == 258 ]]
++ readlink /home/rehearsal/symlink.bin
+ [[ data.bin == data.bin ]]
+ findmnt /
TARGET SOURCE      FSTYPE OPTIONS
/      /dev/vda2[/@]
btrfs  rw,relatime,discard=async,space_cache=v2,subvolid=256,
+ findmnt /home
TARGET SOURCE        FSTYPE OPTIONS
/home  /dev/vda2[/@home]
btrfs  rw,relatime,discard=async,space_cache=v2,subvolid=25
+ findmnt /boot
TARGET SOURCE FSTYPE OPTIONS
/boot  /dev/vda1
vfat   rw,relatime,fmask=0022,dmask=0022,codepage=437,iocharset=as
+ lsblk -o NAME,SERIAL,FSTYPE,UUID,MOUNTPOINTS
NAME   SERIAL            FSTYPE UUID                                 MOUNTPOINTS
sr0    QM00005
vda    SR_REHEARSAL_SOUR
├─vda1                   vfat   CB33-0C06                            /boot
└─vda2                   btrfs  d8320ce3-1adb-4d0d-8d71-7dd4c2f9cba1 /home
/
+ printf '\nSR_INSTALLED_BOOT_OK\n'
SR_INSTALLED_BOOT_OK
root
sync; systemctl poweroff
SR_BOOT_CHECK_EXIT=0
[root@sr-rehearsal ~]# root
-bash: root: command not found
[root@sr-rehearsal ~]# sync; systemctl poweroff
[root@sr-rehearsal ~]#          Stopping Session 1 of User root...
Stopping Session 2 of User root...
[  OK  ] Removed slice Slice /system/modprobe.
[  OK  ] Stopped target Multi-User System.
[  OK  ] Stopped target Login Prompts.
[  OK  ] Stopped target SSH Access Available.
[  OK  ] Stopped target Timer Units.
[  OK  ] Stopped Update the plocate database daily.
[  OK  ] Stopped Daily Cleanup of Temporary Directories.
[  OK  ] Closed LVM2 poll daemon socket.
[  OK  ] Closed Load/Save RF Kill Switch Status /dev/rfkill Watch.
Stopping Network Manager Script Dispatcher Service...
Stopping Getty on tty1...
Starting Generate shutdown-ramfs...
Stopping Serial Getty on ttyS0...
Stopping OpenSSH Daemon...
Stopping Hostname Service...
[  OK  ] Stopped Load udev Rules from Credentials.
[  OK  ] Stopped Hostname Service.
[  OK  ] Stopped Network Manager Script Dispatcher Service.
[  OK  ] Stopped OpenSSH Daemon.
[  OK  ] Stopped Getty on tty1.
[  OK  ] Stopped Serial Getty on ttyS0.
78[  OK  ] Stopped Session 2 of User root.
[  OK  ] Stopped Session 1 of User root.
[  OK  ] Removed slice Slice /system/getty.
[  OK  ] Removed slice Slice /system/serial-getty.
Stopping Permit User Sessions...
Stopping User Manager for UID 0...
[  OK  ] Stopped Permit User Sessions.
[  OK  ] Stopped target Network.
[  OK  ] Stopped target Remote File Systems.
Stopping Network Manager...
[  OK  ] Stopped Load JSON user/group Records from Credentials.
[  OK  ] Stopped User Manager for UID 0.
[  OK  ] Stopped Network Manager.
[  OK  ] Stopped target Preparation for Network.
Stopping IPv6 Packet Filtering Framework...
Stopping User Runtime Directory /run/user/0...
[  OK  ] Unmounted /run/user/0.
[  OK  ] Stopped User Runtime Directory /run/user/0.
[  OK  ] Removed slice User Slice of UID 0.
Stopping User Login Management...
[  OK  ] Finished Generate shutdown-ramfs.
[  OK  ] Stopped IPv6 Packet Filtering Framework.
[  OK  ] Stopped User Login Management.
Stopping IPv4 Packet Filtering Framework...
[  OK  ] Stopped IPv4 Packet Filtering Framework.
[  OK  ] Stopped target Basic System.
[  OK  ] Stopped target Path Units.
[  OK  ] Stopped target Slice Units.
[  OK  ] Removed slice User and Session Slice.
[  OK  ] Stopped target Socket Units.
[  OK  ] Closed GnuPG network certificate m…ent daemon for /etc/pacman.d/gnupg.
[  OK  ] Removed slice Slice /system/dirmngr.
[  OK  ] Closed GnuPG cryptographic agent a… browsers) for /etc/pacman.d/gnupg.
[  OK  ] Removed slice Slice /system/gpg-agent-browser.
[  OK  ] Closed GnuPG cryptographic agent a…estricted) for /etc/pacman.d/gnupg.
[  OK  ] Removed slice Slice /system/gpg-agent-extra.
[  OK  ] Closed GnuPG cryptographic agent (…emulation) for /etc/pacman.d/gnupg.
[  OK  ] Removed slice Slice /system/gpg-agent-ssh.
[  OK  ] Closed GnuPG cryptographic agent a…rase cache for /etc/pacman.d/gnupg.
[  OK  ] Removed slice Slice /system/gpg-agent.
[  OK  ] Closed GnuPG public key management service for /etc/pacman.d/gnupg.
[  OK  ] Removed slice Slice /system/keyboxd.
[  OK  ] Closed Authorization Manager Agent Helper.
[  OK  ] Closed OpenSSH Server Socket (systemd-ssh-generator, AF_UNIX Local).
[  OK  ] Closed Hostname Service Socket.
[  OK  ] Closed Disk Image Download Service Socket.
[  OK  ] Closed User Login Management Varlink Socket.
[  OK  ] Closed Virtual Machine and Container Registration Service Socket.
[  OK  ] Closed Console Output Muting Service Socket.
[  OK  ] Closed Disk Repartitioning Service Socket.
Stopping D-Bus System Message Bus...
[  OK  ] Stopped D-Bus System Message Bus.
[  OK  ] Closed D-Bus System Message Bus Socket.
[  OK  ] Stopped target System Initialization.
[  OK  ] Unset automount Arbitrary Executab…ormats File System Automount Point.
[  OK  ] Stopped target Local Encrypted Volumes.
[  OK  ] Stopped Dispatch Password Requests to Console Directory Watch.
[  OK  ] Stopped Forward Password Requests to Wall Directory Watch.
[  OK  ] Stopped target Image Downloads.
[  OK  ] Stopped target Local Integrity Protected Volumes.
[  OK  ] Stopped target Local Verity Protected Volumes.
[  OK  ] Stopped Update Boot Loader Random Seed.
Stopping Load/Save OS Random Seed...
[  OK  ] Stopped Apply Kernel Variables.
[  OK  ] Closed Process Core Dump Socket.
[  OK  ] Stopped Load Kernel Modules.
[  OK  ] Stopped Update is Completed.
[  OK  ] Stopped Rebuild Journal Catalog.
Stopping Record System Boot/Shutdown in UTMP...
[  OK  ] Stopped Record System Boot/Shutdown in UTMP.
[  OK  ] Stopped Create System Files and Directories.
[  OK  ] Stopped target Local File Systems.
Unmounting /boot...
Unmounting /home...
Unmounting Temporary Directory /tmp...
[  OK  ] Stopped Load/Save OS Random Seed.
[  OK  ] Unmounted /home.
[  OK  ] Unmounted /boot.
[  OK  ] Unmounted Temporary Directory /tmp.
[  OK  ] Stopped target Swaps.
[  OK  ] Reached target Unmount All Filesystems.
[  OK  ] Stopped File System Check on /dev/disk/by-uuid/CB33-0C06.
[  OK  ] Removed slice Slice /system/systemd-fsck.
[  OK  ] Stopped target Preparation for Local File Systems.
Stopping Monitoring of LVM2 mirror…ing dmeventd or progress polling...
[  OK  ] Stopped Create Static Device Nodes in /dev.
[  OK  ] Stopped Create System Users.
[  OK  ] Stopped Remount Root and Kernel File Systems.
[  OK  ] Stopped Create Static Device Nodes in /dev gracefully.
[  OK  ] Stopped Monitoring of LVM2 mirrors…using dmeventd or progress polling.
[  OK  ] Reached target System Shutdown.
[  OK  ] Reached target Late Shutdown Services.
[  OK  ] Finished System Power Off.
[  OK  ] Reached target System Power Off.
78[   18.629328] reboot: Power down

=== capture — complete serial log, terminal escapes removed ===
:: running early hook [udev]
Starting systemd-udevd version 261.2-1-arch
:: running early hook [archiso_pxe_nbd]
:: running hook [udev]
:: Triggering uevents...
:: running hook [memdisk]
:: running hook [findroot]
:: running hook [archiso]
:: running hook [archiso_loop_mnt]
:: running hook [archiso_pxe_common]
:: running hook [archiso_pxe_nbd]
:: running hook [archiso_pxe_http]
:: running hook [archiso_pxe_nfs]
:: running hook [encrypt]
:: Mounting '/dev/disk/by-label/RESCUE1302' to '/run/archiso/bootmnt'
:: Device '/dev/disk/by-label/RESCUE1302' mounted successfully.
:: Creating config dir ...
:: Execute the configuration processing script ...
:: Define early boot options based on the configuration ...
Entry '.global.copytoram' disabled in config: value='false'
Entry '.global.checksum' disabled in config: value='false'
Entry '.global.loadsrm' enabled in config: value='true'
:: Mounting /run/archiso/cowspace (tmpfs) filesystem, size=25%...
:: Mounting '/dev/loop0' to '/run/archiso/sfs/airootfs'
:: Device '/dev/loop0' mounted successfully.
:: Mounting '/dev/loop1' to '/run/archiso/sfs/srm1'
:: Device '/dev/loop1' mounted successfully.
:: running late hook [archiso_pxe_common]
:: running cleanup hook [udev]
78
Welcome to SystemRescue 13.02!
[  OK  ] Created slice Slice /system/dirmngr.
[  OK  ] Created slice Slice /system/getty.
[  OK  ] Created slice Slice /system/gpg-agent.
[  OK  ] Created slice Slice /system/gpg-agent-browser.
[  OK  ] Created slice Slice /system/gpg-agent-extra.
[  OK  ] Created slice Slice /system/gpg-agent-ssh.
[  OK  ] Created slice Slice /system/keyboxd.
[  OK  ] Created slice Slice /system/modprobe.
[  OK  ] Created slice Slice /system/serial-getty.
[  OK  ] Created slice User and Session Slice.
[  OK  ] Started Dispatch Password Requests to Console Directory Watch.
[  OK  ] Started Forward Password Requests to Wall Directory Watch.
[  OK  ] Set up automount Arbitrary Executa…ormats File System Automount Point.
Expecting device /dev/ttyS0...
[  OK  ] Reached target Image Downloads.
[  OK  ] Reached target Local Integrity Protected Volumes.
[  OK  ] Reached target Path Units.
[  OK  ] Reached target Remote File Systems.
[  OK  ] Reached target Slice Units.
[  OK  ] Reached target Swaps.
[  OK  ] Reached target Local Verity Protected Volumes.
[  OK  ] Listening on Device-mapper event daemon FIFOs.
[  OK  ] Listening on LVM2 poll daemon socket.
[  OK  ] Listening on Query the User Interactively for a Password.
[  OK  ] Listening on Process Core Dump Socket.
[  OK  ] Listening on Credential Encryption/Decryption.
[  OK  ] Listening on Factory Reset Management.
[  OK  ] Listening on Hostname Service Socket.
[  OK  ] Listening on Journal Socket (/dev/log).
[  OK  ] Listening on Journal Sockets.
[  OK  ] Listening on Console Output Muting Service Socket.
[  OK  ] Listening on Disk Repartitioning Service Socket.
[  OK  ] Listening on Simple Block Device Backed Storage Provider.
[  OK  ] Listening on Simple File System Backed Storage Provider.
[  OK  ] Listening on udev Control Socket.
[  OK  ] Listening on udev Kernel Socket.
[  OK  ] Listening on udev Varlink Socket.
[  OK  ] Listening on User Database Manager Socket.
Mounting Huge Pages File System...
Mounting POSIX Message Queue File System...
Mounting Kernel Debug File System...
Mounting Kernel Trace File System...
Mounting Temporary Directory /tmp...
Starting Create List of Static Device Nodes...
Starting Monitoring of LVM2 mirror…ing dmeventd or progress polling...
Mounting Kernel Configuration File System...
Mounting FUSE Control File System...
Starting Journal Service...
Starting Load Kernel Modules...
Starting Remount Root and Kernel File Systems...
[  OK  ] Reached target Local Encrypted Volumes.
Starting Load udev Rules from Credentials...
Starting Coldplug All udev Devices...
[  OK  ] Finished Create List of Static Device Nodes.
[  OK  ] Started Journal Service.
[  OK  ] Mounted Huge Pages File System.
[  OK  ] Mounted POSIX Message Queue File System.
[  OK  ] Mounted Kernel Debug File System.
[  OK  ] Mounted Kernel Trace File System.
[  OK  ] Mounted Temporary Directory /tmp.
[  OK  ] Mounted Kernel Configuration File System.
[  OK  ] Mounted FUSE Control File System.
[  OK  ] Finished Load Kernel Modules.
[  OK  ] Finished Remount Root and Kernel File Systems.
[  OK  ] Finished Load udev Rules from Credentials.
Starting Flush Journal to Persistent Storage...
Starting Load/Save OS Random Seed...
Starting Apply Kernel Variables...
Starting Create Static Device Nodes in /dev gracefully...
[  OK  ] Finished Load/Save OS Random Seed.
[  OK  ] Finished Monitoring of LVM2 mirror…using dmeventd or progress polling.
[  OK  ] Finished Flush Journal to Persistent Storage.
[  OK  ] Finished Apply Kernel Variables.
Starting User Database Manager...
[  OK  ] Finished Coldplug All udev Devices.
Mounting Arbitrary Executable File Formats File System...
[  OK  ] Mounted Arbitrary Executable File Formats File System.
[  OK  ] Started User Database Manager.
[  OK  ] Finished Create Static Device Nodes in /dev gracefully.
Starting Create System Users...
[  OK  ] Finished Create System Users.
Starting Journal Log Access Socket...
Starting Create Static Device Nodes in /dev...
[  OK  ] Listening on Journal Log Access Socket.
[  OK  ] Finished Create Static Device Nodes in /dev.
[  OK  ] Reached target Preparation for Local File Systems.
Starting Rule-based Manager for Device Events and Files...
[  OK  ] Started Rule-based Manager for Device Events and Files.
[  OK  ] Listening on Disk Image Download Service Socket.
Mounting Bind mount /var/lib/pacma…g between snapshot/rolling repos...
[  OK  ] Mounted Bind mount /var/lib/pacman…ing between snapshot/rolling repos.
[  OK  ] Reached target Local File Systems.
[  OK  ] Listening on Boot Loader Control Service Socket.
[  OK  ] Listening on System Extension Image Management.
Starting Create System Files and Directories...
Starting Load JSON user/group Records from Credentials...
[  OK  ] Finished Load JSON user/group Records from Credentials.
[  OK  ] Found device /dev/ttyS0.
[  OK  ] Finished Create System Files and Directories.
Starting Rebuild Journal Catalog...
Starting Record System Boot/Shutdown in UTMP...
[  OK  ] Finished Rebuild Journal Catalog.
[  OK  ] Finished Record System Boot/Shutdown in UTMP.
Starting Update is Completed...
[  OK  ] Finished Update is Completed.
[  OK  ] Reached target System Initialization.
[  OK  ] Started Update the plocate database daily.
[  OK  ] Started Daily Cleanup of Temporary Directories.
[  OK  ] Reached target Timer Units.
[  OK  ] Listening on D-Bus System Message Bus Socket.
[  OK  ] Listening on GnuPG network certifi…ent daemon for /etc/pacman.d/gnupg.
[  OK  ] Listening on GnuPG cryptographic a… browsers) for /etc/pacman.d/gnupg.
[  OK  ] Listening on GnuPG cryptographic a…estricted) for /etc/pacman.d/gnupg.
[  OK  ] Listening on GnuPG cryptographic a…emulation) for /etc/pacman.d/gnupg.
[  OK  ] Listening on GnuPG cryptographic a…rase cache for /etc/pacman.d/gnupg.
[  OK  ] Listening on GnuPG public key mana…nt service for /etc/pacman.d/gnupg.
[  OK  ] Listening on Authorization Manager Agent Helper.
[  OK  ] Listening on OpenSSH Server Socket…temd-ssh-generator, AF_UNIX Local).
[  OK  ] Listening on User Login Management Varlink Socket.
[  OK  ] Listening on Virtual Machine and C…tainer Registration Service Socket.
[  OK  ] Reached target Socket Units.
Starting D-Bus System Message Bus...
Starting Virtual Console Setup...
[  OK  ] Stopped Virtual Console Setup.
Starting Virtual Console Setup...
[  OK  ] Started D-Bus System Message Bus.
[  OK  ] Reached target Basic System.
Starting SSH Key Generation...
Starting SystemRescue Initialization, before networking...
Starting User Login Management...
[  OK  ] Finished Virtual Console Setup.
[  OK  ] Started User Login Management.
[  OK  ] Finished SSH Key Generation.
[   27.450316] sysrescue-initialize-prenet[477]: ====> Script /etc/systemd/scripts/sysrescue-initialize-prenet starting ...
[   27.451458] sysrescue-initialize-prenet[477]: ====> Read the effective configuration file ...
[   27.452027] sysrescue-initialize-prenet[477]: ====> Showing the effective global configuration (except clear passwords) ...
[   27.452363] sysrescue-initialize-prenet[477]: config['global']['nofirewall']=False
[   27.452585] sysrescue-initialize-prenet[477]: ====> Applying pre-network configuration ...
[   27.452793] sysrescue-initialize-prenet[477]: ====> Script /etc/systemd/scripts/sysrescue-initialize-prenet completed with 0 errors ...
[  OK  ] Finished SystemRescue Initialization, before networking.
Starting IPv4 Packet Filtering Framework...
Starting SystemRescue Initialization, parallel to networking...
[   27.787375] sysrescue-initialize-whilenet[491]: ====> Script /etc/systemd/scripts/sysrescue-initialize-whilenet starting ...
[   27.788209] sysrescue-initialize-whilenet[491]: ====> Read the effective configuration file ...
[   27.788756] sysrescue-initialize-whilenet[491]: ====> Showing the effective global configuration (except clear passwords) ...
[   27.789094] sysrescue-initialize-whilenet[491]: config['global']['setkmap']=
[   27.789368] sysrescue-initialize-whilenet[491]: config['global']['rootshell']=
[   27.789605] sysrescue-initialize-whilenet[491]: config['global']['noautologin']=False
[   27.789846] sysrescue-initialize-whilenet[491]: config['global']['dostartx']=True
[   27.790165] sysrescue-initialize-whilenet[491]: config['global']['dovnc']=False
[   27.790426] sysrescue-initialize-whilenet[491]: config['global']['late_load_srm']=
[   27.790711] sysrescue-initialize-whilenet[491]: config['sysconfig']['timezone']=
[   27.790968] sysrescue-initialize-whilenet[491]: ====> Applying configuration ...
[   27.813169] sysrescue-initialize-whilenet[491]: ====> Configuring bash_history ...
[   27.813827] sysrescue-initialize-whilenet[491]: ====> Configuring autoterminal ...
[   27.836425] sysrescue-initialize-whilenet[491]: setting terminal 'tty2' to '/usr/local/system_rescue/bin/system-rescue.sh'
[  OK  ] Finished IPv4 Packet Filtering Framework.
Starting IPv6 Packet Filtering Framework...
[   28.928234] sysrescue-initialize-whilenet[491]: ====> Script /etc/systemd/scripts/sysrescue-initialize-whilenet completed with 0 errors ...
[  OK  ] Finished SystemRescue Initialization, parallel to networking.
[  OK  ] Finished IPv6 Packet Filtering Framework.
[  OK  ] Reached target Preparation for Network.
Starting Network Manager...
Starting Hostname Service...
[  OK  ] Started Hostname Service.
[  OK  ] Listening on Load/Save RF Kill Switch Status /dev/rfkill Watch.
Starting Network Manager Script Dispatcher Service...
[  OK  ] Started Network Manager.
[  OK  ] Reached target Network.
Starting Network Manager Wait Online...
Starting OpenSSH Daemon...
Starting Permit User Sessions...
[  OK  ] Started Network Manager Script Dispatcher Service.
[  OK  ] Finished Permit User Sessions.
[  OK  ] Started OpenSSH Daemon.
[  OK  ] Finished Network Manager Wait Online.
[  OK  ] Reached target Network is Online.
[  OK  ] Reached target SSH Access Available.
Starting SystemRescue Autorun...
############################# Initializing autorun #############################
Showing the effective autorun configuration ...
config['ar_disable']=False
config['ar_attempts']=1
config['ar_source']=
config['ar_ignorefail']=False
config['ar_nodel']=False
config['ar_nowait']=True
ar_suffixes=['', '0', '1', '2', '3', '4', '5', '6', '7', '8', '9', 'A', 'B', 'C', 'D', 'E', 'F']
exec=[]
Cannot find a valid ar_source, searching scripts in the default directories
No autorun scripts found, nothing to do.
[  OK  ] Finished SystemRescue Autorun.
[  OK  ] Reached target Preparation for Logins.
[  OK  ] Started SystemRescue autoterminal tty2.
[  OK  ] Started Getty on tty1.
[  OK  ] Started Serial Getty on ttyS0.
[  OK  ] Reached target Login Prompts.
[  OK  ] Reached target Multi-User System.
7878
========= SystemRescue 13.02 (x86_64) ======== ttyS0/6 =========
https://www.system-rescue.org/
* Console environment :
Run setkmap to choose the keyboard layout (also accessible with the arrow up key)
Run manual to read the documentation of SystemRescue
* Graphical environment :
Type startx to run the graphical environment
X.Org comes with the XFCE environment and several graphical tools:
- Partition manager: .. gparted
- Web browser: ........ firefox
- Text editor: ........ featherpad
sysrescue login: root (automatic login)
root
[root@sysrescue ~]# mkdir -p /mnt/project; mount -t 9p -o trans=virtio,ro project /mnt/project && bash /mnt/project/two_vm_guest.sh capture; result=$?; printf '\nSR_RUN_EXIT=%s\n' "$result"
[system_rescue] estimating space required (probing filesystems read-only)...
[system_rescue]   need up to ~12GiB uncompressed; destination has 23GiB free
[system_rescue] backing up /dev/vda (, serial=SR_REHEARSAL_CAPTURE, 12884901888 bytes)
[system_rescue] destination: /mnt/vault/unknown_SR_REHEARSAL_CAPTURE_20260910T105929Z
[system_rescue] space preflight: estimated ~12GiB uncompressed (12883836416 bytes), destination had 23GiB free
[system_rescue]   partition 1 (vda1, fstype=vfat, method=partclone, tool=partclone.vfat)
[system_rescue]     holds 64MiB in ? inodes
Partclone v0.3.48 http://partclone.org
Starting to clone device (/dev/vda1) to image (-)
Reading Super Block
Calculating bitmap... Please wait...
Elapsed: 00:00:01, Remaining: 00:01:39, Completed:   1.00%
Elapsed: 00:00:01, Remaining: 00:00:00, Completed: 100.00%
Total Time: 00:00:01, 100.00% completed!
done!
File system:  FAT32
Device size:  536.9 MB = 1048572 Blocks
Space in use:  67.5 MB = 131860 Blocks
Free Space:   469.4 MB = 916712 Blocks
Block size:   512 Byte
Elapsed: 00:00:02, Remaining: 00:00:00, Completed: 100.00%, Rate:   2.03GB/min,
Current block:    1048572, Total block:    1048572, Complete: 100.00%
Total Time: 00:00:02, Ave. Rate:   2.03GB/min, 100.00% completed!
Syncing... OK!
Partclone successfully cloned the device (/dev/vda1) to the image (-)
Cloned successfully.
[system_rescue]   partition 2 (vda2, fstype=btrfs, method=partclone, tool=partclone.btrfs)
[system_rescue]     holds 3.2GiB in ? inodes
Partclone v0.3.48 http://partclone.org
Starting to clone device (/dev/vda2) to image (-)
Reading Super Block
Calculating bitmap... Please wait...
done!
File system:  BTRFS
Device size:   12.3 GB = 753598 Blocks
Space in use:   4.1 GB = 253114 Blocks
Free Space:     8.2 GB = 500484 Blocks
Block size:   16384 Byte
Elapsed: 00:00:28, Remaining: 00:00:00, Completed: 100.00%, Rate:   8.89GB/min,
Current block:     270724, Total block:     753598, Complete: 100.00%
Total Time: 00:00:28, Ave. Rate:   8.89GB/min, 100.00% completed!
Syncing... OK!
Partclone successfully cloned the device (/dev/vda2) to the image (-)
Cloned successfully.
[system_rescue] backup complete: /mnt/vault/unknown_SR_REHEARSAL_CAPTURE_20260910T105929Z
[system_rescue] job:     /mnt/vault/unknown_SR_REHEARSAL_CAPTURE_20260910T105929Z
[system_rescue] created: 20260910T105929Z   source serial: SR_REHEARSAL_CAPTURE   manifest v4
[system_rescue]   ok: part1.img.zst (checksum + partclone structure)
[system_rescue]   ok: part2.img.zst (checksum + partclone structure)
/dev/vda: OK
SR_STAGE_OK=capture
SR_RUN_EXIT=0
sync; systemctl poweroff
[root@sysrescue ~]# sync; systemctl poweroff
[root@sysrescue ~]#          Stopping Session 1 of User root...
Stopping Session 2 of User root...
Stopping Session 3 of User root...
[  OK  ] Removed slice Slice /system/modprobe.
[  OK  ] Stopped target Multi-User System.
[  OK  ] Stopped target Login Prompts.
[  OK  ] Stopped target SSH Access Available.
[  OK  ] Stopped target Timer Units.
[  OK  ] Stopped Update the plocate database daily.
[  OK  ] Stopped Daily Cleanup of Temporary Directories.
[  OK  ] Closed LVM2 poll daemon socket.
[  OK  ] Closed Load/Save RF Kill Switch Status /dev/rfkill Watch.
Stopping SystemRescue autoterminal tty2...
Stopping Getty on tty1...
Starting Generate shutdown-ramfs...
Stopping Authorization Manager...
Stopping Serial Getty on ttyS0...
Stopping OpenSSH Daemon...
Stopping Load/Save OS Random Seed...
[  OK  ] Stopped Load udev Rules from Credentials.
Stopping Daemon for power management...
[  OK  ] Stopped OpenSSH Daemon.
[  OK  ] Stopped SystemRescue autoterminal tty2.
[  OK  ] Stopped Authorization Manager.
[  OK  ] Stopped Session 2 of User root.
[  OK  ] Stopped Daemon for power management.
[  OK  ] Stopped Getty on tty1.
[  OK  ] Stopped Serial Getty on ttyS0.
78vmmouse: unknown command 55e3000000f5
[  OK  ] Stopped Load/Save OS Random Seed.
[  OK  ] Stopped Session 3 of User root.
[  OK  ] Removed slice Slice /system/getty.
[  OK  ] Removed slice Slice /system/serial-getty.
[  OK  ] Stopped target Preparation for Logins.
[  OK  ] Stopped SystemRescue Autorun.
[  OK  ] Stopped target Network is Online.
[  OK  ] Stopped Network Manager Wait Online.
[  OK  ] Stopped SystemRescue Initialization, parallel to networking.
Stopping Permit User Sessions...
[  OK  ] Stopped Permit User Sessions.
[  OK  ] Stopped target Network.
[  OK  ] Stopped target Remote File Systems.
Stopping Network Manager...
[  OK  ] Stopped Load JSON user/group Records from Credentials.
[  OK  ] Stopped Network Manager.
[  OK  ] Stopped target Preparation for Network.
Stopping IPv6 Packet Filtering Framework...
[  OK  ] Stopped Session 1 of User root.
Stopping User Manager for UID 0...
[  OK  ] Stopped IPv6 Packet Filtering Framework.
Stopping IPv4 Packet Filtering Framework...
[  OK  ] Stopped IPv4 Packet Filtering Framework.
[  OK  ] Stopped User Manager for UID 0.
[  OK  ] Stopped SystemRescue Initialization, before networking.
Stopping User Runtime Directory /run/user/0...
[  OK  ] Unmounted /run/user/0.
[  OK  ] Stopped User Runtime Directory /run/user/0.
[  OK  ] Removed slice User Slice of UID 0.
Stopping User Login Management...
[  OK  ] Stopped User Login Management.
[  OK  ] Stopped target Basic System.
[  OK  ] Stopped target Path Units.
[  OK  ] Stopped target Slice Units.
[  OK  ] Removed slice User and Session Slice.
[  OK  ] Stopped target Socket Units.
[  OK  ] Closed GnuPG network certificate m…ent daemon for /etc/pacman.d/gnupg.
[  OK  ] Removed slice Slice /system/dirmngr.
[  OK  ] Closed GnuPG cryptographic agent a… browsers) for /etc/pacman.d/gnupg.
[  OK  ] Removed slice Slice /system/gpg-agent-browser.
[  OK  ] Closed GnuPG cryptographic agent a…estricted) for /etc/pacman.d/gnupg.
[  OK  ] Removed slice Slice /system/gpg-agent-extra.
[  OK  ] Closed GnuPG cryptographic agent (…emulation) for /etc/pacman.d/gnupg.
[  OK  ] Removed slice Slice /system/gpg-agent-ssh.
[  OK  ] Closed GnuPG cryptographic agent a…rase cache for /etc/pacman.d/gnupg.
[  OK  ] Removed slice Slice /system/gpg-agent.
[  OK  ] Closed GnuPG public key management service for /etc/pacman.d/gnupg.
[  OK  ] Removed slice Slice /system/keyboxd.
[  OK  ] Closed Authorization Manager Agent Helper.
[  OK  ] Closed OpenSSH Server Socket (systemd-ssh-generator, AF_UNIX Local).
[  OK  ] Closed Hostname Service Socket.
[  OK  ] Closed Disk Image Download Service Socket.
[  OK  ] Closed User Login Management Varlink Socket.
[  OK  ] Closed Virtual Machine and Container Registration Service Socket.
[  OK  ] Closed Console Output Muting Service Socket.
[  OK  ] Closed Disk Repartitioning Service Socket.
Stopping D-Bus System Message Bus...
[  OK  ] Stopped D-Bus System Message Bus.
[  OK  ] Finished Generate shutdown-ramfs.
[  OK  ] Closed D-Bus System Message Bus Socket.
[  OK  ] Stopped target System Initialization.
[  OK  ] Unset automount Arbitrary Executab…ormats File System Automount Point.
[  OK  ] Stopped target Local Encrypted Volumes.
[  OK  ] Stopped Dispatch Password Requests to Console Directory Watch.
[  OK  ] Stopped Forward Password Requests to Wall Directory Watch.
[  OK  ] Stopped target Image Downloads.
[  OK  ] Stopped target Local Integrity Protected Volumes.
[  OK  ] Stopped target Local Verity Protected Volumes.
[  OK  ] Stopped Apply Kernel Variables.
[  OK  ] Closed Process Core Dump Socket.
[  OK  ] Stopped Load Kernel Modules.
[  OK  ] Stopped Update is Completed.
[  OK  ] Stopped Rebuild Journal Catalog.
Stopping Record System Boot/Shutdown in UTMP...
[  OK  ] Stopped Record System Boot/Shutdown in UTMP.
[  OK  ] Stopped Create System Files and Directories.
[  OK  ] Stopped target Local File Systems.
Unmounting /mnt/project...
Unmounting /run/archiso/bootmnt...
Unmounting /run/archiso/cowspace...
Unmounting /run/archiso/sfs/airootfs...
Unmounting /run/archiso/sfs/srm1...
Unmounting Temporary Directory /tmp...
Unmounting Bind mount /var/lib/pac…g between snapshot/rolling repos...
[FAILED] Failed unmounting /run/archiso/bootmnt.
[  OK  ] Unmounted /run/archiso/cowspace.
[  OK  ] Unmounted /mnt/project.
[  OK  ] Unmounted /run/archiso/sfs/airootfs.
[  OK  ] Unmounted /run/archiso/sfs/srm1.
[  OK  ] Unmounted Temporary Directory /tmp.
[  OK  ] Unmounted Bind mount /var/lib/pacm…ing between snapshot/rolling repos.
[  OK  ] Stopped target Preparation for Local File Systems.
[  OK  ] Stopped target Swaps.
[  OK  ] Reached target Unmount All Filesystems.
Stopping Monitoring of LVM2 mirror…ing dmeventd or progress polling...
[  OK  ] Stopped Create Static Device Nodes in /dev.
[  OK  ] Stopped Create System Users.
[  OK  ] Stopped Remount Root and Kernel File Systems.
[  OK  ] Stopped Create Static Device Nodes in /dev gracefully.
[  OK  ] Stopped Monitoring of LVM2 mirrors…using dmeventd or progress polling.
[  OK  ] Reached target System Shutdown.
[  OK  ] Reached target Late Shutdown Services.
[  OK  ] Finished System Power Off.
[  OK  ] Reached target System Power Off.
78[  285.132068] reboot: Power down

=== restore — complete serial log, terminal escapes removed ===
:: running early hook [udev]
Starting systemd-udevd version 261.2-1-arch
:: running early hook [archiso_pxe_nbd]
:: running hook [udev]
:: Triggering uevents...
:: running hook [memdisk]
:: running hook [findroot]
:: running hook [archiso]
:: running hook [archiso_loop_mnt]
:: running hook [archiso_pxe_common]
:: running hook [archiso_pxe_nbd]
:: running hook [archiso_pxe_http]
:: running hook [archiso_pxe_nfs]
:: running hook [encrypt]
:: Mounting '/dev/disk/by-label/RESCUE1302' to '/run/archiso/bootmnt'
:: Device '/dev/disk/by-label/RESCUE1302' mounted successfully.
:: Creating config dir ...
:: Execute the configuration processing script ...
:: Define early boot options based on the configuration ...
Entry '.global.copytoram' disabled in config: value='false'
Entry '.global.checksum' disabled in config: value='false'
Entry '.global.loadsrm' enabled in config: value='true'
:: Mounting /run/archiso/cowspace (tmpfs) filesystem, size=25%...
:: Mounting '/dev/loop0' to '/run/archiso/sfs/airootfs'
:: Device '/dev/loop0' mounted successfully.
:: Mounting '/dev/loop1' to '/run/archiso/sfs/srm1'
:: Device '/dev/loop1' mounted successfully.
:: running late hook [archiso_pxe_common]
:: running cleanup hook [udev]
78
Welcome to SystemRescue 13.02!
[  OK  ] Created slice Slice /system/dirmngr.
[  OK  ] Created slice Slice /system/getty.
[  OK  ] Created slice Slice /system/gpg-agent.
[  OK  ] Created slice Slice /system/gpg-agent-browser.
[  OK  ] Created slice Slice /system/gpg-agent-extra.
[  OK  ] Created slice Slice /system/gpg-agent-ssh.
[  OK  ] Created slice Slice /system/keyboxd.
[  OK  ] Created slice Slice /system/modprobe.
[  OK  ] Created slice Slice /system/serial-getty.
[  OK  ] Created slice User and Session Slice.
[  OK  ] Started Dispatch Password Requests to Console Directory Watch.
[  OK  ] Started Forward Password Requests to Wall Directory Watch.
[  OK  ] Set up automount Arbitrary Executa…ormats File System Automount Point.
Expecting device /dev/ttyS0...
[  OK  ] Reached target Image Downloads.
[  OK  ] Reached target Local Integrity Protected Volumes.
[  OK  ] Reached target Path Units.
[  OK  ] Reached target Remote File Systems.
[  OK  ] Reached target Slice Units.
[  OK  ] Reached target Swaps.
[  OK  ] Reached target Local Verity Protected Volumes.
[  OK  ] Listening on Device-mapper event daemon FIFOs.
[  OK  ] Listening on LVM2 poll daemon socket.
[  OK  ] Listening on Query the User Interactively for a Password.
[  OK  ] Listening on Process Core Dump Socket.
[  OK  ] Listening on Credential Encryption/Decryption.
[  OK  ] Listening on Factory Reset Management.
[  OK  ] Listening on Hostname Service Socket.
[  OK  ] Listening on Journal Socket (/dev/log).
[  OK  ] Listening on Journal Sockets.
[  OK  ] Listening on Console Output Muting Service Socket.
[  OK  ] Listening on Disk Repartitioning Service Socket.
[  OK  ] Listening on Simple Block Device Backed Storage Provider.
[  OK  ] Listening on Simple File System Backed Storage Provider.
[  OK  ] Listening on udev Control Socket.
[  OK  ] Listening on udev Kernel Socket.
[  OK  ] Listening on udev Varlink Socket.
[  OK  ] Listening on User Database Manager Socket.
Mounting Huge Pages File System...
Mounting POSIX Message Queue File System...
Mounting Kernel Debug File System...
Mounting Kernel Trace File System...
Mounting Temporary Directory /tmp...
Starting Create List of Static Device Nodes...
Starting Monitoring of LVM2 mirror…ing dmeventd or progress polling...
Mounting Kernel Configuration File System...
Mounting FUSE Control File System...
Starting Journal Service...
Starting Load Kernel Modules...
Starting Remount Root and Kernel File Systems...
[  OK  ] Reached target Local Encrypted Volumes.
Starting Load udev Rules from Credentials...
Starting Coldplug All udev Devices...
[  OK  ] Finished Create List of Static Device Nodes.
[  OK  ] Mounted Huge Pages File System.
[  OK  ] Started Journal Service.
[  OK  ] Mounted POSIX Message Queue File System.
[  OK  ] Mounted Kernel Debug File System.
[  OK  ] Mounted Kernel Trace File System.
[  OK  ] Mounted Temporary Directory /tmp.
[  OK  ] Mounted Kernel Configuration File System.
[  OK  ] Mounted FUSE Control File System.
[  OK  ] Finished Remount Root and Kernel File Systems.
[  OK  ] Finished Load udev Rules from Credentials.
Starting Flush Journal to Persistent Storage...
Starting Load/Save OS Random Seed...
Starting Create Static Device Nodes in /dev gracefully...
[  OK  ] Finished Load Kernel Modules.
Starting Apply Kernel Variables...
[  OK  ] Finished Monitoring of LVM2 mirror…using dmeventd or progress polling.
[  OK  ] Finished Load/Save OS Random Seed.
[  OK  ] Finished Flush Journal to Persistent Storage.
[  OK  ] Finished Apply Kernel Variables.
Starting User Database Manager...
[  OK  ] Finished Coldplug All udev Devices.
Mounting Arbitrary Executable File Formats File System...
[  OK  ] Mounted Arbitrary Executable File Formats File System.
[  OK  ] Started User Database Manager.
[  OK  ] Finished Create Static Device Nodes in /dev gracefully.
Starting Create System Users...
[  OK  ] Finished Create System Users.
Starting Journal Log Access Socket...
Starting Create Static Device Nodes in /dev...
[  OK  ] Listening on Journal Log Access Socket.
[  OK  ] Finished Create Static Device Nodes in /dev.
[  OK  ] Reached target Preparation for Local File Systems.
Starting Rule-based Manager for Device Events and Files...
[  OK  ] Started Rule-based Manager for Device Events and Files.
[  OK  ] Listening on Disk Image Download Service Socket.
Mounting Bind mount /var/lib/pacma…g between snapshot/rolling repos...
[  OK  ] Mounted Bind mount /var/lib/pacman…ing between snapshot/rolling repos.
[  OK  ] Reached target Local File Systems.
[  OK  ] Listening on Boot Loader Control Service Socket.
[  OK  ] Listening on System Extension Image Management.
Starting Create System Files and Directories...
Starting Load JSON user/group Records from Credentials...
[  OK  ] Finished Load JSON user/group Records from Credentials.
[  OK  ] Found device /dev/ttyS0.
[  OK  ] Finished Create System Files and Directories.
Starting Rebuild Journal Catalog...
Starting Record System Boot/Shutdown in UTMP...
[  OK  ] Finished Record System Boot/Shutdown in UTMP.
[  OK  ] Finished Rebuild Journal Catalog.
Starting Update is Completed...
[  OK  ] Finished Update is Completed.
[  OK  ] Reached target System Initialization.
[  OK  ] Started Update the plocate database daily.
[  OK  ] Started Daily Cleanup of Temporary Directories.
[  OK  ] Reached target Timer Units.
[  OK  ] Listening on D-Bus System Message Bus Socket.
[  OK  ] Listening on GnuPG network certifi…ent daemon for /etc/pacman.d/gnupg.
[  OK  ] Listening on GnuPG cryptographic a… browsers) for /etc/pacman.d/gnupg.
[  OK  ] Listening on GnuPG cryptographic a…estricted) for /etc/pacman.d/gnupg.
[  OK  ] Listening on GnuPG cryptographic a…emulation) for /etc/pacman.d/gnupg.
[  OK  ] Listening on GnuPG cryptographic a…rase cache for /etc/pacman.d/gnupg.
[  OK  ] Listening on GnuPG public key mana…nt service for /etc/pacman.d/gnupg.
[  OK  ] Listening on Authorization Manager Agent Helper.
[  OK  ] Listening on OpenSSH Server Socket…temd-ssh-generator, AF_UNIX Local).
[  OK  ] Listening on User Login Management Varlink Socket.
[  OK  ] Listening on Virtual Machine and C…tainer Registration Service Socket.
[  OK  ] Reached target Socket Units.
Starting D-Bus System Message Bus...
Starting Virtual Console Setup...
[  OK  ] Stopped Virtual Console Setup.
Starting Virtual Console Setup...
[  OK  ] Started D-Bus System Message Bus.
[  OK  ] Reached target Basic System.
Starting SSH Key Generation...
Starting SystemRescue Initialization, before networking...
Starting User Login Management...
[  OK  ] Finished SSH Key Generation.
[  OK  ] Started User Login Management.
[  OK  ] Finished Virtual Console Setup.
[   27.494029] sysrescue-initialize-prenet[473]: ====> Script /etc/systemd/scripts/sysrescue-initialize-prenet starting ...
[   27.495199] sysrescue-initialize-prenet[473]: ====> Read the effective configuration file ...
[   27.495875] sysrescue-initialize-prenet[473]: ====> Showing the effective global configuration (except clear passwords) ...
[   27.496234] sysrescue-initialize-prenet[473]: config['global']['nofirewall']=False
[   27.496475] sysrescue-initialize-prenet[473]: ====> Applying pre-network configuration ...
[   27.497029] sysrescue-initialize-prenet[473]: ====> Script /etc/systemd/scripts/sysrescue-initialize-prenet completed with 0 errors ...
[  OK  ] Finished SystemRescue Initialization, before networking.
Starting IPv4 Packet Filtering Framework...
Starting SystemRescue Initialization, parallel to networking...
[   27.911440] sysrescue-initialize-whilenet[488]: ====> Script /etc/systemd/scripts/sysrescue-initialize-whilenet starting ...
[   27.912315] sysrescue-initialize-whilenet[488]: ====> Read the effective configuration file ...
[   27.912934] sysrescue-initialize-whilenet[488]: ====> Showing the effective global configuration (except clear passwords) ...
[   27.913494] sysrescue-initialize-whilenet[488]: config['global']['setkmap']=
[   27.914422] sysrescue-initialize-whilenet[488]: config['global']['rootshell']=
[   27.915044] sysrescue-initialize-whilenet[488]: config['global']['noautologin']=False
[   27.915450] sysrescue-initialize-whilenet[488]: config['global']['dostartx']=True
[   27.915897] sysrescue-initialize-whilenet[488]: config['global']['dovnc']=False
[   27.916196] sysrescue-initialize-whilenet[488]: config['global']['late_load_srm']=
[   27.916422] sysrescue-initialize-whilenet[488]: config['sysconfig']['timezone']=
[   27.916819] sysrescue-initialize-whilenet[488]: ====> Applying configuration ...
[   27.939508] sysrescue-initialize-whilenet[488]: ====> Configuring bash_history ...
[   27.940251] sysrescue-initialize-whilenet[488]: ====> Configuring autoterminal ...
[   27.967901] sysrescue-initialize-whilenet[488]: setting terminal 'tty2' to '/usr/local/system_rescue/bin/system-rescue.sh'
[  OK  ] Finished IPv4 Packet Filtering Framework.
Starting IPv6 Packet Filtering Framework...
[   29.013748] sysrescue-initialize-whilenet[488]: ====> Script /etc/systemd/scripts/sysrescue-initialize-whilenet completed with 0 errors ...
[  OK  ] Finished SystemRescue Initialization, parallel to networking.
[  OK  ] Finished IPv6 Packet Filtering Framework.
[  OK  ] Reached target Preparation for Network.
Starting Network Manager...
Starting Hostname Service...
[  OK  ] Started Hostname Service.
[  OK  ] Listening on Load/Save RF Kill Switch Status /dev/rfkill Watch.
Starting Network Manager Script Dispatcher Service...
[  OK  ] Started Network Manager.
[  OK  ] Reached target Network.
Starting Network Manager Wait Online...
Starting OpenSSH Daemon...
Starting Permit User Sessions...
[  OK  ] Started Network Manager Script Dispatcher Service.
[  OK  ] Finished Permit User Sessions.
[  OK  ] Finished Network Manager Wait Online.
[  OK  ] Reached target Network is Online.
Starting SystemRescue Autorun...
[  OK  ] Started OpenSSH Daemon.
[  OK  ] Reached target SSH Access Available.
############################# Initializing autorun #############################
Showing the effective autorun configuration ...
config['ar_disable']=False
config['ar_attempts']=1
config['ar_source']=
config['ar_ignorefail']=False
config['ar_nodel']=False
config['ar_nowait']=True
ar_suffixes=['', '0', '1', '2', '3', '4', '5', '6', '7', '8', '9', 'A', 'B', 'C', 'D', 'E', 'F']
exec=[]
Cannot find a valid ar_source, searching scripts in the default directories
No autorun scripts found, nothing to do.
[  OK  ] Finished SystemRescue Autorun.
[  OK  ] Reached target Preparation for Logins.
[  OK  ] Started SystemRescue autoterminal tty2.
[  OK  ] Started Getty on tty1.
[  OK  ] Started Serial Getty on ttyS0.
[  OK  ] Reached target Login Prompts.
[  OK  ] Reached target Multi-User System.
7878
========= SystemRescue 13.02 (x86_64) ======== ttyS0/6 =========
https://www.system-rescue.org/
* Console environment :
Run setkmap to choose the keyboard layout (also accessible with the arrow up key)
Run manual to read the documentation of SystemRescue
* Graphical environment :
Type startx to run the graphical environment
X.Org comes with the XFCE environment and several graphical tools:
- Partition manager: .. gparted
- Web browser: ........ firefox
- Text editor: ........ featherpad
sysrescue login: root (automatic login)
root
[root@sysrescue ~]# mkdir -p /mnt/project; mount -t 9p -o trans=virtio,ro project /mnt/project && bash /mnt/project/two_vm_guest.sh restore; result=$?; printf '\nSR_RUN_EXIT=%s\n' "$result"
[system_rescue] job:     /mnt/vault/unknown_SR_REHEARSAL_CAPTURE_20260910T105929Z
[system_rescue] created: 20260910T105929Z   source serial: SR_REHEARSAL_CAPTURE   manifest v4
[system_rescue]   ok: part1.img.zst (checksum + partclone structure)
[system_rescue]   ok: part2.img.zst (checksum + partclone structure)
[system_rescue] restore log: /mnt/vault/unknown_SR_REHEARSAL_CAPTURE_20260910T105929Z/restore_20260910T110327Z.log (survives the reboot)
[system_rescue] verifying backup integrity before touching the target...
[system_rescue]   ok: part1.img.zst (checksum + partclone structure)
[system_rescue]   ok: part2.img.zst (checksum + partclone structure)
[system_rescue] all pre-restore checks passed
[system_rescue] ERASING /dev/vda and restoring from /mnt/vault/unknown_SR_REHEARSAL_CAPTURE_20260910T105929Z
[system_rescue] restoring gpt partition table
[system_rescue]   partition 1: restoring part1.img.zst via partclone.vfat
Partclone v0.3.48 http://partclone.org
Starting to restore image (-) to device (/dev/vda1)
Calculating bitmap... Please wait...
done!
File system:  FAT32
Device size:  536.9 MB = 1048572 Blocks
Space in use:  67.5 MB = 131860 Blocks
Free Space:   469.4 MB = 916712 Blocks
Block size:   512 Byte
Elapsed: 00:00:02, Remaining: 00:00:00, Completed: 100.00%, Rate:   2.03GB/min,
Current block:    1048572, Total block:    1048572, Complete: 100.00%
Total Time: 00:00:02, Ave. Rate:   2.03GB/min, 100.00% completed!
Syncing... OK!
Partclone successfully restored the image (-) to the device (/dev/vda1)
Cloned successfully.
[system_rescue]   partition 2: restoring part2.img.zst via partclone.btrfs
Partclone v0.3.48 http://partclone.org
Starting to restore image (-) to device (/dev/vda2)
Calculating bitmap... Please wait...
done!
File system:  BTRFS
Device size:   12.3 GB = 753598 Blocks
Space in use:   4.1 GB = 253114 Blocks
Free Space:     8.2 GB = 500484 Blocks
Block size:   16384 Byte
Elapsed: 00:00:28, Remaining: 00:00:00, Completed: 100.00%, Rate:   8.89GB/min,
Current block:     270724, Total block:     753598, Complete: 100.00%
Total Time: 00:00:28, Ave. Rate:   8.89GB/min, 100.00% completed!
Syncing... OK!
Partclone successfully restored the image (-) to the device (/dev/vda2)
Cloned successfully.
[system_rescue] comparing restored filesystem occupancy against the manifest...
[system_rescue] Occupancy checks do not verify file contents or bootability.
[system_rescue]   partition 1: ok — 64MiB used, matches source within 1MiB
[system_rescue]     BYTES ONLY: vfat reports no usable inode count, so
[system_rescue]     the number of files was NOT verified. Matching bytes is weaker
[system_rescue]     evidence than a matching inode count.
[system_rescue]   partition 2: ok — 3.2GiB used, matches source within 1MiB
[system_rescue]     BYTES ONLY: btrfs reports no usable inode count, so
[system_rescue]     the number of files was NOT verified. Matching bytes is weaker
[system_rescue]     evidence than a matching inode count.
[system_rescue] post-restore verification passed on 2 filesystem(s): 0 matched used bytes + inode counts, 2 by used bytes only
[system_rescue] restore complete onto /dev/vda
etc/rehearsal/config: OK
home/rehearsal/data.bin: OK
boot/EFI/BOOT/BOOTX64.EFI: OK
boot/vmlinuz-linux: OK
boot/initramfs-linux.img: OK
SR_STAGE_OK=restore
SR_RUN_EXIT=0
sync; systemctl poweroff
[root@sysrescue ~]# sync; systemctl poweroff
[root@sysrescue ~]#          Stopping Session 1 of User root...
Stopping Session 2 of User root...
Stopping Session 3 of User root...
[  OK  ] Removed slice Slice /system/modprobe.
[  OK  ] Stopped target Multi-User System.
[  OK  ] Stopped target Login Prompts.
[  OK  ] Stopped target SSH Access Available.
[  OK  ] Stopped target Timer Units.
[  OK  ] Stopped Update the plocate database daily.
[  OK  ] Stopped Daily Cleanup of Temporary Directories.
[  OK  ] Closed LVM2 poll daemon socket.
[  OK  ] Closed Load/Save RF Kill Switch Status /dev/rfkill Watch.
Stopping SystemRescue autoterminal tty2...
Stopping Getty on tty1...
Starting Generate shutdown-ramfs...
Stopping Authorization Manager...
Stopping Serial Getty on ttyS0...
Stopping OpenSSH Daemon...
Stopping Load/Save OS Random Seed...
[  OK  ] Stopped Load udev Rules from Credentials.
Stopping Daemon for power management...
[  OK  ] Stopped SystemRescue autoterminal tty2.
[  OK  ] Stopped OpenSSH Daemon.
[  OK  ] Stopped Getty on tty1.
vmmouse: unknown command 5609000000f5
[  OK  ] Stopped Authorization Manager.
[  OK  ] Stopped Session 2 of User root.
[  OK  ] Stopped Daemon for power management.
[  OK  ] Removed slice Slice /system/getty.
[  OK  ] Stopped Serial Getty on ttyS0.
7878[  149.118201] reboot: Power down

=== recovery-boot — complete serial log, terminal escapes removed ===
BdsDxe: loading Boot0002 "UEFI Misc Device" from PciRoot(0x0)/Pci(0x2,0x0)
BdsDxe: starting Boot0002 "UEFI Misc Device" from PciRoot(0x0)/Pci(0x2,0x0)
78Booting initrd of SystemRescue 13.02.
Expecting device /dev/disk/by-uuid…0ce3-1adb-4d0d-8d71-7dd4c2f9cba1...
[  OK  ] Reached target Path Units.
[  OK  ] Reached target Slice Units.
[  OK  ] Reached target Swaps.
[  OK  ] Reached target Timer Units.
[  OK  ] Listening on Journal Socket (/dev/log).
[  OK  ] Listening on Journal Sockets.
[  OK  ] Listening on udev Control Socket.
[  OK  ] Listening on udev Kernel Socket.
[  OK  ] Reached target Socket Units.
Starting Create List of Static Device Nodes...
Starting Journal Service...
Starting Load Kernel Modules...
Starting Create Static Device Nodes in /dev...
Starting Coldplug All udev Devices...
[  OK  ] Finished Create List of Static Device Nodes.
[  OK  ] Finished Load Kernel Modules.
[  OK  ] Finished Create Static Device Nodes in /dev.
[  OK  ] Reached target Preparation for Local File Systems.
[  OK  ] Reached target Local File Systems.
Starting Rule-based Manager for Device Events and Files...
[  OK  ] Started Journal Service.
Starting Create System Files and Directories...
[  OK  ] Started Rule-based Manager for Device Events and Files.
[  OK  ] Finished Create System Files and Directories.
[  OK  ] Finished Coldplug All udev Devices.
[  OK  ] Reached target System Initialization.
[  OK  ] Reached target Basic System.
[  OK  ] Found device /dev/disk/by-uuid/d8320ce3-1adb-4d0d-8d71-7dd4c2f9cba1.
[  OK  ] Reached target Initrd Root Device.
Mounting /sysroot...
[  OK  ] Mounted /sysroot.
[  OK  ] Reached target Initrd Root File System.
Starting Mountpoints Configured in the Real Root...
[  OK  ] Finished Mountpoints Configured in the Real Root.
[  OK  ] Reached target Initrd File Systems.
[  OK  ] Reached target Initrd Default Target.
Starting Cleaning Up and Shutting Down Daemons...
[  OK  ] Stopped target Initrd Default Target.
[  OK  ] Stopped target Basic System.
[  OK  ] Stopped target Initrd Root Device.
[  OK  ] Stopped target Path Units.
[  OK  ] Stopped target Slice Units.
[  OK  ] Stopped target Socket Units.
[  OK  ] Stopped target System Initialization.
[  OK  ] Stopped target Swaps.
[  OK  ] Stopped target Timer Units.
[  OK  ] Stopped Create List of Static Device Nodes.
[  OK  ] Stopped Load Kernel Modules.
[  OK  ] Stopped Create System Files and Directories.
[  OK  ] Stopped target Local File Systems.
[  OK  ] Stopped target Preparation for Local File Systems.
[  OK  ] Stopped Coldplug All udev Devices.
Stopping Rule-based Manager for Device Events and Files...
[  OK  ] Finished Cleaning Up and Shutting Down Daemons.
[  OK  ] Stopped Rule-based Manager for Device Events and Files.
[  OK  ] Closed udev Control Socket.
Starting Cleanup udev Database...
[  OK  ] Stopped Create Static Device Nodes in /dev.
[  OK  ] Finished Cleanup udev Database.
[  OK  ] Reached target Switch Root.
Starting Switch Root...
78
Welcome to SystemRescue 13.02!
[  OK  ] Stopped Switch Root.
[  OK  ] Created slice Slice /system/dirmngr.
[  OK  ] Created slice Slice /system/getty.
[  OK  ] Created slice Slice /system/gpg-agent.
[  OK  ] Created slice Slice /system/gpg-agent-browser.
[  OK  ] Created slice Slice /system/gpg-agent-extra.
[  OK  ] Created slice Slice /system/gpg-agent-ssh.
[  OK  ] Created slice Slice /system/keyboxd.
[  OK  ] Created slice Slice /system/modprobe.
[  OK  ] Created slice Slice /system/serial-getty.
[  OK  ] Created slice Slice /system/systemd-fsck.
[  OK  ] Created slice User and Session Slice.
[  OK  ] Started Dispatch Password Requests to Console Directory Watch.
[  OK  ] Started Forward Password Requests to Wall Directory Watch.
[  OK  ] Set up automount Arbitrary Executa…ormats File System Automount Point.
Expecting device /dev/disk/by-uuid/CB33-0C06...
Expecting device /dev/disk/by-uuid…0ce3-1adb-4d0d-8d71-7dd4c2f9cba1...
Expecting device /dev/ttyS0...
[  OK  ] Reached target Image Downloads.
[  OK  ] Stopped target Switch Root.
[  OK  ] Stopped target Initrd File Systems.
[  OK  ] Stopped target Initrd Root File System.
[  OK  ] Reached target Local Integrity Protected Volumes.
[  OK  ] Reached target Path Units.
[  OK  ] Reached target Remote File Systems.
[  OK  ] Reached target Slice Units.
[  OK  ] Reached target Swaps.
[  OK  ] Reached target Local Verity Protected Volumes.
[  OK  ] Listening on Device-mapper event daemon FIFOs.
[  OK  ] Listening on LVM2 poll daemon socket.
[  OK  ] Listening on Query the User Interactively for a Password.
[  OK  ] Listening on Process Core Dump Socket.
[  OK  ] Listening on Credential Encryption/Decryption.
[  OK  ] Listening on Factory Reset Management.
[  OK  ] Listening on Hostname Service Socket.
[  OK  ] Listening on Console Output Muting Service Socket.
[  OK  ] Listening on Disk Repartitioning Service Socket.
[  OK  ] Listening on Simple Block Device Backed Storage Provider.
[  OK  ] Listening on Simple File System Backed Storage Provider.
[  OK  ] Listening on udev Control Socket.
[  OK  ] Listening on udev Varlink Socket.
[  OK  ] Listening on User Database Manager Socket.
Mounting Huge Pages File System...
Mounting POSIX Message Queue File System...
Mounting Kernel Debug File System...
Mounting Kernel Trace File System...
Mounting Temporary Directory /tmp...
Starting Create List of Static Device Nodes...
Starting Monitoring of LVM2 mirror…ing dmeventd or progress polling...
Mounting Kernel Configuration File System...
Mounting FUSE Control File System...
Starting Journal Service...
Starting Load Kernel Modules...
Starting Remount Root and Kernel File Systems...
[  OK  ] Reached target Local Encrypted Volumes.
Starting Load udev Rules from Credentials...
Starting Coldplug All udev Devices...
[  OK  ] Mounted Huge Pages File System.
[  OK  ] Mounted POSIX Message Queue File System.
[  OK  ] Mounted Kernel Debug File System.
[  OK  ] Mounted Kernel Trace File System.
[  OK  ] Mounted Temporary Directory /tmp.
[  OK  ] Finished Create List of Static Device Nodes.
[  OK  ] Mounted Kernel Configuration File System.
[  OK  ] Mounted FUSE Control File System.
[  OK  ] Finished Load Kernel Modules.
[  OK  ] Finished Load udev Rules from Credentials.
Starting Apply Kernel Variables...
Starting Create Static Device Nodes in /dev gracefully...
[  OK  ] Finished Remount Root and Kernel File Systems.
Starting Load/Save OS Random Seed...
[  OK  ] Started Journal Service.
[  OK  ] Finished Apply Kernel Variables.
Starting Flush Journal to Persistent Storage...
Starting User Database Manager...
[  OK  ] Finished Flush Journal to Persistent Storage.
[  OK  ] Finished Coldplug All udev Devices.
[  OK  ] Finished Load/Save OS Random Seed.
[  OK  ] Finished Monitoring of LVM2 mirror…using dmeventd or progress polling.
Mounting Arbitrary Executable File Formats File System...
[  OK  ] Mounted Arbitrary Executable File Formats File System.
[  OK  ] Started User Database Manager.
[  OK  ] Finished Create Static Device Nodes in /dev gracefully.
Starting Journal Log Access Socket...
Starting Create Static Device Nodes in /dev...
[  OK  ] Listening on Journal Log Access Socket.
[  OK  ] Finished Create Static Device Nodes in /dev.
[  OK  ] Reached target Preparation for Local File Systems.
[  OK  ] Listening on Disk Image Download Service Socket.
Starting Rule-based Manager for Device Events and Files...
[  OK  ] Started Rule-based Manager for Device Events and Files.
Starting File System Check on /dev/disk/by-uuid/CB33-0C06...
[  OK  ] Found device /dev/disk/by-uuid/d8320ce3-1adb-4d0d-8d71-7dd4c2f9cba1.
Mounting /home...
[  OK  ] Mounted /home.
[  OK  ] Finished File System Check on /dev/disk/by-uuid/CB33-0C06.
Mounting /boot...
[  OK  ] Mounted /boot.
[  OK  ] Reached target Local File Systems.
[  OK  ] Listening on Boot Loader Control Service Socket.
[  OK  ] Listening on System Extension Image Management.
Starting Update Boot Loader Random Seed...
Starting Create System Files and Directories...
Starting Load JSON user/group Records from Credentials...
[  OK  ] Finished Load JSON user/group Records from Credentials.
[  OK  ] Finished Update Boot Loader Random Seed.
[  OK  ] Finished Create System Files and Directories.
Starting Record System Boot/Shutdown in UTMP...
Starting Virtual Console Setup...
[  OK  ] Finished Record System Boot/Shutdown in UTMP.
[  OK  ] Finished Virtual Console Setup.
[  OK  ] Reached target System Initialization.
[  OK  ] Started Update the plocate database daily.
[  OK  ] Started Daily Cleanup of Temporary Directories.
[  OK  ] Reached target Timer Units.
[  OK  ] Listening on D-Bus System Message Bus Socket.
[  OK  ] Listening on GnuPG network certifi…ent daemon for /etc/pacman.d/gnupg.
[  OK  ] Listening on GnuPG cryptographic a… browsers) for /etc/pacman.d/gnupg.
[  OK  ] Listening on GnuPG cryptographic a…estricted) for /etc/pacman.d/gnupg.
[  OK  ] Listening on GnuPG cryptographic a…emulation) for /etc/pacman.d/gnupg.
[  OK  ] Listening on GnuPG cryptographic a…rase cache for /etc/pacman.d/gnupg.
[  OK  ] Listening on GnuPG public key mana…nt service for /etc/pacman.d/gnupg.
[  OK  ] Listening on Authorization Manager Agent Helper.
[  OK  ] Listening on OpenSSH Server Socket…temd-ssh-generator, AF_UNIX Local).
[  OK  ] Listening on User Login Management Varlink Socket.
[  OK  ] Listening on Virtual Machine and C…tainer Registration Service Socket.
[  OK  ] Reached target Socket Units.
Starting D-Bus System Message Bus...
[  OK  ] Started D-Bus System Message Bus.
[  OK  ] Reached target Basic System.
Starting IPv4 Packet Filtering Framework...
Starting Verify installed recovery fixture...
Starting User Login Management...
[   11.651426] rehearsal-check[350]: etc/rehearsal/config: OK
[   11.712202] rehearsal-check[350]: home/rehearsal/data.bin: OK
[  OK  ] Started User Login Management.
[   11.740978] rehearsal-check[350]: boot/EFI/BOOT/BOOTX64.EFI: OK
[   11.867913] rehearsal-check[350]: boot/vmlinuz-linux: OK
[  OK  ] Finished IPv4 Packet Filtering Framework.
Starting IPv6 Packet Filtering Framework...
[  OK  ] Finished IPv6 Packet Filtering Framework.
[  OK  ] Reached target Preparation for Network.
Starting Network Manager...
[   12.236378] rehearsal-check[350]: boot/initramfs-linux.img: OK
[   12.267786] rehearsal-check[369]: TARGET SOURCE        FSTYPE OPTIONS
[   12.269686] rehearsal-check[369]: /      /dev/vda2[/@] btrfs  rw,relatime,discard=async,space_cache=v2,subvolid=256,subvol=/@
[   12.276428] rehearsal-check[371]: TARGET SOURCE            FSTYPE OPTIONS
[   12.277213] rehearsal-check[371]: /home  /dev/vda2[/@home] btrfs  rw,relatime,discard=async,space_cache=v2,subvolid=257,subvol=/@home
[   12.284828] rehearsal-check[372]: TARGET SOURCE    FSTYPE OPTIONS
[   12.285724] rehearsal-check[372]: /boot  /dev/vda1 vfat   rw,relatime,fmask=0022,dmask=0022,codepage=437,iocharset=ascii,shortname=mixed,utf8,errors=remount-ro
[   12.304003] rehearsal-check[373]: NAME   SERIAL               FSTYPE UUID                                 MOUNTPOINTS
[   12.304707] rehearsal-check[373]: sr0    QM00005
[   12.305044] rehearsal-check[373]: vda    SR_REHEARSAL_RECOVER
[   12.305549] rehearsal-check[373]: ├─vda1                      vfat   CB33-0C06                            /boot
[   12.305847] rehearsal-check[373]: └─vda2                      btrfs  d8320ce3-1adb-4d0d-8d71-7dd4c2f9cba1 /home
[   12.306066] rehearsal-check[373]:                                                                         /
[   12.307567] rehearsal-check[333]: SR_INSTALLED_BOOT_OK
[  OK  ] Finished Verify installed recovery fixture.
Starting Hostname Service...
[  OK  ] Started Hostname Service.
[  OK  ] Listening on Load/Save RF Kill Switch Status /dev/rfkill Watch.
Starting Network Manager Script Dispatcher Service...
[  OK  ] Started Network Manager.
[  OK  ] Reached target Network.
Starting OpenSSH Daemon...
Starting Permit User Sessions...
[  OK  ] Started Network Manager Script Dispatcher Service.
[  OK  ] Finished Permit User Sessions.
[  OK  ] Started Getty on tty1.
[  OK  ] Started Serial Getty on ttyS0.
[  OK  ] Reached target Login Prompts.
[  OK  ] Started OpenSSH Daemon.
[  OK  ] Reached target Multi-User System.
[  OK  ] Reached target SSH Access Available.
7878
========= SystemRescue 13.02 (x86_64) ======== ttyS0/6 =========
https://www.system-rescue.org/
* Console environment :
Run setkmap to choose the keyboard layout (also accessible with the arrow up key)
Run manual to read the documentation of SystemRescue
* Graphical environment :
Type startx to run the graphical environment
X.Org comes with the XFCE environment and several graphical tools:
- Partition manager: .. gparted
- Web browser: ........ firefox
- Text editor: ........ featherpad
sr-rehearsal login: root (automatic login)
[root@sr-rehearsal ~]# systemctl status rehearsal-check.service --no-pager; lsblk -o NAME,TYPE,SERIAL,FSTYPE,MOUNTPOINTS; findmnt /; findmnt /home; bash -x /usr/local/bin/rehearsal-check; result=$?; printf '\nSR_BOOT_CHECK_EXIT=%s\n' "$result"
○ rehearsal-check.service - Verify installed recovery fixture
Loaded: loaded (/etc/systemd/system/rehearsal-check.service; enabled; preset: disabled)
Active: inactive (dead) since Thu 2026-09-10 11:04:57 UTC; 2s ago
Invocation: 14ad5d7aaab5439a96eacf8d7e4e72a5
Process: 333 ExecStart=/usr/local/bin/rehearsal-check (code=exited, status=0/SUCCESS)
Main PID: 333 (code=exited, status=0/SUCCESS)
Mem peak: 76.5M
CPU: 785ms
Sep 10 11:04:57 sr-rehearsal rehearsal-check[373]: NAME   SERIAL            …NTS
Sep 10 11:04:57 sr-rehearsal rehearsal-check[373]: sr0    QM00005
Sep 10 11:04:57 sr-rehearsal rehearsal-check[373]: vda    SR_REHEARSAL_RECOVER
Sep 10 11:04:57 sr-rehearsal rehearsal-check[373]: ├─vda1                   …oot
Sep 10 11:04:57 sr-rehearsal rehearsal-check[373]: └─vda2                   …ome
Sep 10 11:04:57 sr-rehearsal rehearsal-check[373]:                          …  /
Sep 10 11:04:57 sr-rehearsal rehearsal-check[333]: SR_INSTALLED_BOOT_OK
Sep 10 11:04:57 sr-rehearsal systemd[1]: rehearsal-check.service: Deactivat…lly.
Sep 10 11:04:57 sr-rehearsal systemd[1]: Finished Verify installed recovery…ure.
Sep 10 11:04:57 sr-rehearsal systemd[1]: rehearsal-check.service: Consumed …eak.
Hint: Some lines were ellipsized, use -l to show in full.
NAME   TYPE SERIAL               FSTYPE MOUNTPOINTS
sr0    rom  QM00005
vda    disk SR_REHEARSAL_RECOVER
├─vda1 part                      vfat   /boot
└─vda2 part                      btrfs  /home
/
TARGET SOURCE      FSTYPE OPTIONS
/      /dev/vda2[/@]
btrfs  rw,relatime,discard=async,space_cache=v2,subvolid=256,
TARGET SOURCE        FSTYPE OPTIONS
/home  /dev/vda2[/@home]
btrfs  rw,relatime,discard=async,space_cache=v2,subvolid=25
+ set -euo pipefail
+ [[ -d /sys/firmware/efi ]]
++ findmnt -n -o FSTYPE /
+ [[ btrfs == btrfs ]]
++ findmnt -n -o FSROOT /
+ [[ /@ == /@ ]]
++ findmnt -n -o FSROOT /home
+ [[ /@home == /@home ]]
++ lsblk -dn -o TYPE /dev/vda
+ [[ disk == disk ]]
++ lsblk -dn -o NAME,TYPE
++ awk '$2 == "disk" {print $1}'
+ [[ vda == vda ]]
+ cd /
+ sha256sum -c /etc/rehearsal.sha256
etc/rehearsal/config: OK
home/rehearsal/data.bin: OK
boot/EFI/BOOT/BOOTX64.EFI: OK
boot/vmlinuz-linux: OK
boot/initramfs-linux.img: OK
++ stat -c %i /home/rehearsal/data.bin
++ stat -c %i /home/rehearsal/hardlink.bin
+ [[ 258 == 258 ]]
++ readlink /home/rehearsal/symlink.bin
+ [[ data.bin == data.bin ]]
+ findmnt /
TARGET SOURCE      FSTYPE OPTIONS
/      /dev/vda2[/@]
btrfs  rw,relatime,discard=async,space_cache=v2,subvolid=256,
+ findmnt /home
TARGET SOURCE        FSTYPE OPTIONS
/home  /dev/vda2[/@home]
btrfs  rw,relatime,discard=async,space_cache=v2,subvolid=25
+ findmnt /boot
TARGET SOURCE FSTYPE OPTIONS
/boot  /dev/vda1
vfat   rw,relatime,fmask=0022,dmask=0022,codepage=437,iocharset=as
+ lsblk -o NAME,SERIAL,FSTYPE,UUID,MOUNTPOINTS
NAME   SERIAL            FSTYPE UUID                                 MOUNTPOINTS
sr0    QM00005
vda    SR_REHEARSAL_RECO
├─vda1                   vfat   CB33-0C06                            /boot
└─vda2                   btrfs  d8320ce3-1adb-4d0d-8d71-7dd4c2f9cba1 /home
/
+ printf '\nSR_INSTALLED_BOOT_OK\n'
SR_INSTALLED_BOOT_OK
root
sync; systemctl poweroff
SR_BOOT_CHECK_EXIT=0
[root@sr-rehearsal ~]# root
-bash: root: command not found
[root@sr-rehearsal ~]# sync; systemctl poweroff
[root@sr-rehearsal ~]#          Stopping Session 1 of User root...
Stopping Session 3 of User root...
[  OK  ] Removed slice Slice /system/modprobe.
[  OK  ] Stopped target Multi-User System.
[  OK  ] Stopped target Login Prompts.
[  OK  ] Stopped target SSH Access Available.
[  OK  ] Stopped target Timer Units.
[  OK  ] Stopped Update the plocate database daily.
[  OK  ] Stopped Daily Cleanup of Temporary Directories.
[  OK  ] Closed LVM2 poll daemon socket.
[  OK  ] Closed Load/Save RF Kill Switch Status /dev/rfkill Watch.
Stopping Network Manager Script Dispatcher Service...
Stopping Getty on tty1...
Starting Generate shutdown-ramfs...
Stopping Serial Getty on ttyS0...
Stopping OpenSSH Daemon...
Stopping Hostname Service...
[  OK  ] Stopped Load udev Rules from Credentials.
[  OK  ] Stopped Hostname Service.
[  OK  ] Stopped Network Manager Script Dispatcher Service.
[  OK  ] Stopped OpenSSH Daemon.
[  OK  ] Stopped Getty on tty1.
[  OK  ] Stopped Serial Getty on ttyS0.
78[  OK  ] Stopped Session 1 of User root.
[  OK  ] Stopped Session 3 of User root.
[  OK  ] Removed slice Slice /system/getty.
[  OK  ] Removed slice Slice /system/serial-getty.
Stopping Permit User Sessions...
Stopping User Manager for UID 0...
[  OK  ] Stopped Permit User Sessions.
[  OK  ] Stopped target Network.
[  OK  ] Stopped target Remote File Systems.
Stopping Network Manager...
[  OK  ] Stopped Load JSON user/group Records from Credentials.
[  OK  ] Stopped User Manager for UID 0.
[  OK  ] Stopped Network Manager.
[  OK  ] Stopped target Preparation for Network.
Stopping IPv6 Packet Filtering Framework...
Stopping User Runtime Directory /run/user/0...
[  OK  ] Unmounted /run/user/0.
[  OK  ] Stopped User Runtime Directory /run/user/0.
[  OK  ] Removed slice User Slice of UID 0.
Stopping User Login Management...
[  OK  ] Finished Generate shutdown-ramfs.
[  OK  ] Stopped IPv6 Packet Filtering Framework.
Stopping IPv4 Packet Filtering Framework...
[  OK  ] Stopped User Login Management.
[  OK  ] Stopped IPv4 Packet Filtering Framework.
[  OK  ] Stopped target Basic System.
[  OK  ] Stopped target Path Units.
[  OK  ] Stopped target Slice Units.
[  OK  ] Removed slice User and Session Slice.
[  OK  ] Stopped target Socket Units.
[  OK  ] Closed GnuPG network certificate m…ent daemon for /etc/pacman.d/gnupg.
[  OK  ] Removed slice Slice /system/dirmngr.
[  OK  ] Closed GnuPG cryptographic agent a… browsers) for /etc/pacman.d/gnupg.
[  OK  ] Removed slice Slice /system/gpg-agent-browser.
[  OK  ] Closed GnuPG cryptographic agent a…estricted) for /etc/pacman.d/gnupg.
[  OK  ] Removed slice Slice /system/gpg-agent-extra.
[  OK  ] Closed GnuPG cryptographic agent (…emulation) for /etc/pacman.d/gnupg.
[  OK  ] Removed slice Slice /system/gpg-agent-ssh.
[  OK  ] Closed GnuPG cryptographic agent a…rase cache for /etc/pacman.d/gnupg.
[  OK  ] Removed slice Slice /system/gpg-agent.
[  OK  ] Closed GnuPG public key management service for /etc/pacman.d/gnupg.
[  OK  ] Removed slice Slice /system/keyboxd.
[  OK  ] Closed Authorization Manager Agent Helper.
[  OK  ] Closed OpenSSH Server Socket (systemd-ssh-generator, AF_UNIX Local).
[  OK  ] Closed Hostname Service Socket.
[  OK  ] Closed Disk Image Download Service Socket.
[  OK  ] Closed User Login Management Varlink Socket.
[  OK  ] Closed Virtual Machine and Container Registration Service Socket.
[  OK  ] Closed Console Output Muting Service Socket.
[  OK  ] Closed Disk Repartitioning Service Socket.
Stopping D-Bus System Message Bus...
[  OK  ] Stopped D-Bus System Message Bus.
[  OK  ] Closed D-Bus System Message Bus Socket.
[  OK  ] Stopped target System Initialization.
[  OK  ] Unset automount Arbitrary Executab…ormats File System Automount Point.
[  OK  ] Stopped target Local Encrypted Volumes.
[  OK  ] Stopped Dispatch Password Requests to Console Directory Watch.
[  OK  ] Stopped Forward Password Requests to Wall Directory Watch.
[  OK  ] Stopped target Image Downloads.
[  OK  ] Stopped target Local Integrity Protected Volumes.
[  OK  ] Stopped target Local Verity Protected Volumes.
[  OK  ] Stopped Update Boot Loader Random Seed.
Stopping Load/Save OS Random Seed...
[  OK  ] Stopped Apply Kernel Variables.
[  OK  ] Closed Process Core Dump Socket.
[  OK  ] Stopped Load Kernel Modules.
Stopping Record System Boot/Shutdown in UTMP...
[  OK  ] Stopped Record System Boot/Shutdown in UTMP.
[  OK  ] Stopped Create System Files and Directories.
[  OK  ] Stopped target Local File Systems.
Unmounting /boot...
Unmounting /home...
Unmounting Temporary Directory /tmp...
[  OK  ] Stopped Load/Save OS Random Seed.
[  OK  ] Unmounted /home.
[  OK  ] Unmounted /boot.
[  OK  ] Unmounted Temporary Directory /tmp.
[  OK  ] Stopped target Swaps.
[  OK  ] Reached target Unmount All Filesystems.
[  OK  ] Stopped File System Check on /dev/disk/by-uuid/CB33-0C06.
[  OK  ] Removed slice Slice /system/systemd-fsck.
[  OK  ] Stopped target Preparation for Local File Systems.
Stopping Monitoring of LVM2 mirror…ing dmeventd or progress polling...
[  OK  ] Stopped Remount Root and Kernel File Systems.
[  OK  ] Stopped Create Static Device Nodes in /dev.
[  OK  ] Stopped Create Static Device Nodes in /dev gracefully.
[  OK  ] Stopped Monitoring of LVM2 mirrors…using dmeventd or progress polling.
[  OK  ] Reached target System Shutdown.
[  OK  ] Reached target Late Shutdown Services.
[  OK  ] Finished System Power Off.
[  OK  ] Reached target System Power Off.
78[   18.040715] reboot: Power down
